Game Date,Game ID,Team,Player Name,Position,Batting AVG,At Bats,Hits,Doubles,Triples,Home Runs,RBIs,Runs,Walks,Strikeouts (Batting),Stolen Bases,Left On Base,OBP,SLG,OPS,Pitcher ERA,Innings Pitched,Hits Allowed,Runs Allowed,Earned Runs,Walks Issued,Strikeouts (Pitching),Home Runs Allowed,Pitches Thrown,Strikes,Wins,Losses,Saves,Holds,Blown Saves
2025-07-06,777222,Atlanta Braves,Spencer Strider,,,,,,,,,,,,,,,,,,,,,,,,,,,,,,,
2025-07-06,777222,Atlanta Braves,Nick Allen,SS,,2.0,0.0,0.0,0.0,0.0,0.0,0.0,0.0,1.0,0.0,2.0,,,,,,,,,,,,,,,,,,
2025-07-06,777222,Atlanta Braves,Dylan Lee,P,,,,,,,,,,,,,,,,,1.0,0.0,0.0,0.0,0.0,1.0,0.0,9.0,7.0,0.0,0.0,0.0,0.0,0.0
2025-07-06,777222,Atlanta Braves,Michael Harris II,"PH, CF",,2.0,0.0,0.0,0.0,0.0,0.0,0.0,0.0,0.0,0.0,2.0,,,,,,,,,,,,,,,,,,
2025-07-06,777222,Atlanta Braves,Pierce Johnson,P,,,,,,,,,,,,,,,,,1.0,2.0,0.0,0.0,1.0,1.0,0.0,17.0,11.0,0.0,0.0,0.0,0.0,0.0
2025-07-06,777222,Atlanta Braves,Luke Williams,SS,,0.0,0.0,0.0,0.0,0.0,0.0,0.0,0.0,0.0,0.0,0.0,,,,,,,,,,,,,,,,,,
2025-07-06,777222,Atlanta Braves,Rafael Montero,,,,,,,,,,,,,,,,,,,,,,,,,,,,,,,
2025-07-06,777222,Atlanta Braves,Jurickson Profar,LF,,4.0,2.0,0.0,0.0,0.0,0.0,0.0,0.0,1.0,0.0,1.0,,,,,,,,,,,,,,,,,,
2025-07-06,777222,Atlanta Braves,Jesse Chavez,,,,,,,,,,,,,,,,,,,,,,,,,,,,,,,
2025-07-06,777222,Atlanta Braves,Didier Fuentes,,,,,,,,,,,,,,,,,,,,,,,,,,,,,,,
2025-07-06,777222,Atlanta Braves,Enyel De Los Santos,,,,,,,,,,,,,,,,,,,,,,,,,,,,,,,
2025-07-06,777222,Atlanta Braves,Drake Baldwin,DH,,3.0,0.0,0.0,0.0,0.0,0.0,0.0,1.0,1.0,0.0,2.0,,,,,,,,,,,,,,,,,,
2025-07-06,777222,Atlanta Braves,Matt Olson,1B,,4.0,0.0,0.0,0.0,0.0,0.0,0.0,0.0,3.0,0.0,3.0,,,,,,,,,,,,,,,,,,
2025-07-06,777222,Atlanta Braves,Sean Murphy,C,,4.0,2.0,1.0,0.0,1.0,1.0,1.0,0.0,1.0,0.0,2.0,,,,,,,,,,,,,,,,,,
2025-07-06,777222,Atlanta Braves,Ronald Acuña Jr.,"PH, RF",,1.0,0.0,0.0,0.0,0.0,0.0,0.0,0.0,0.0,0.0,1.0,,,,,,,,,,,,,,,,,,
2025-07-06,777222,Atlanta Braves,Austin Cox,,,,,,,,,,,,,,,,,,,,,,,,,,,,,,,
2025-07-06,777222,Atlanta Braves,Aaron Bummer,,,,,,,,,,,,,,,,,,,,,,,,,,,,,,,
2025-07-06,777222,Atlanta Braves,Eli White,CF,,2.0,0.0,0.0,0.0,0.0,0.0,0.0,0.0,1.0,0.0,1.0,,,,,,,,,,,,,,,,,,
2025-07-06,777222,Atlanta Braves,Ozzie Albies,2B,,4.0,1.0,0.0,0.0,0.0,0.0,0.0,0.0,1.0,0.0,1.0,,,,,,,,,,,,,,,,,,
2025-07-06,777222,Atlanta Braves,Raisel Iglesias,P,,,,,,,,,,,,,,,,,1.0,0.0,0.0,0.0,0.0,2.0,0.0,12.0,10.0,0.0,0.0,0.0,0.0,0.0
2025-07-06,777222,Atlanta Braves,Austin Riley,3B,,3.0,0.0,0.0,0.0,0.0,0.0,0.0,1.0,1.0,0.0,2.0,,,,,,,,,,,,,,,,,,
2025-07-06,777222,Atlanta Braves,Grant Holmes,P,,,,,,,,,,,,,,,,,6.0,4.0,2.0,2.0,3.0,5.0,1.0,96.0,61.0,0.0,1.0,0.0,0.0,0.0
2025-07-06,777222,Atlanta Braves,Bryce Elder,,,,,,,,,,,,,,,,,,,,,,,,,,,,,,,
2025-07-06,777222,Atlanta Braves,Marcell Ozuna,,,,,,,,,,,,,,,,,,,,,,,,,,,,,,,
2025-07-06,777222,Atlanta Braves,Stuart Fairchild,RF,,3.0,2.0,0.0,0.0,0.0,0.0,0.0,0.0,0.0,0.0,0.0,,,,,,,,,,,,,,,,,,
2025-07-06,777222,Atlanta Braves,Daysbel Hernández,,,,,,,,,,,,,,,,,,,,,,,,,,,,,,,
2025-07-06,777222,Baltimore Orioles,Dean Kremer,,,,,,,,,,,,,,,,,,,,,,,,,,,,,,,
2025-07-06,777222,Baltimore Orioles,Trevor Rogers,P,,,,,,,,,,,,,,,,,6.2,4.0,0.0,0.0,2.0,6.0,0.0,88.0,60.0,1.0,0.0,0.0,0.0,0.0
2025-07-06,777222,Baltimore Orioles,Brandon Young,,,,,,,,,,,,,,,,,,,,,,,,,,,,,,,
2025-07-06,777222,Baltimore Orioles,Gunnar Henderson,SS,,4.0,0.0,0.0,0.0,0.0,0.0,0.0,0.0,0.0,0.0,5.0,,,,,,,,,,,,,,,,,,
2025-07-06,777222,Baltimore Orioles,Gregory Soto,P,,,,,,,,,,,,,,,,,0.1,0.0,0.0,0.0,0.0,1.0,0.0,7.0,4.0,0.0,0.0,0.0,1.0,0.0
2025-07-06,777222,Baltimore Orioles,Jacob Stallings,C,,3.0,1.0,0.0,0.0,0.0,0.0,0.0,0.0,1.0,0.0,1.0,,,,,,,,,,,,,,,,,,
2025-07-06,777222,Baltimore Orioles,Scott Blewett,,,,,,,,,,,,,,,,,,,,,,,,,,,,,,,
2025-07-06,777222,Baltimore Orioles,Tyler O'Neill,,,,,,,,,,,,,,,,,,,,,,,,,,,,,,,
2025-07-06,777222,Baltimore Orioles,Jordan Westburg,,,,,,,,,,,,,,,,,,,,,,,,,,,,,,,
2025-07-06,777222,Baltimore Orioles,Ramón Laureano,RF,,3.0,1.0,0.0,0.0,0.0,0.0,0.0,0.0,2.0,0.0,3.0,,,,,,,,,,,,,,,,,,
2025-07-06,777222,Baltimore Orioles,Luis Vázquez,,,,,,,,,,,,,,,,,,,,,,,,,,,,,,,
2025-07-06,777222,Baltimore Orioles,Corbin Martin,,,,,,,,,,,,,,,,,,,,,,,,,,,,,,,
2025-07-06,777222,Baltimore Orioles,Seranthony Domínguez,P,,,,,,,,,,,,,,,,,1.0,2.0,1.0,1.0,0.0,2.0,1.0,22.0,16.0,0.0,0.0,1.0,0.0,0.0
2025-07-06,777222,Baltimore Orioles,Ramón Urías,3B,,4.0,0.0,0.0,0.0,0.0,0.0,0.0,0.0,1.0,0.0,6.0,,,,,,,,,,,,,,,,,,
2025-07-06,777222,Baltimore Orioles,Jackson Holliday,2B,,4.0,4.0,1.0,0.0,1.0,2.0,1.0,0.0,0.0,0.0,0.0,,,,,,,,,,,,,,,,,,
2025-07-06,777222,Baltimore Orioles,Tomoyuki Sugano,,,,,,,,,,,,,,,,,,,,,,,,,,,,,,,
2025-07-06,777222,Baltimore Orioles,Andrew Kittredge,,,,,,,,,,,,,,,,,,,,,,,,,,,,,,,
2025-07-06,777222,Baltimore Orioles,Félix Bautista,,,,,,,,,,,,,,,,,,,,,,,,,,,,,,,
2025-07-06,777222,Baltimore Orioles,Yennier Cano,P,,,,,,,,,,,,,,,,,1.0,1.0,0.0,0.0,0.0,1.0,0.0,14.0,9.0,0.0,0.0,0.0,1.0,0.0
2025-07-06,777222,Baltimore Orioles,Colton Cowser,LF,,3.0,0.0,0.0,0.0,0.0,0.0,0.0,1.0,3.0,0.0,0.0,,,,,,,,,,,,,,,,,,
2025-07-06,777222,Baltimore Orioles,Bryan Baker,,,,,,,,,,,,,,,,,,,,,,,,,,,,,,,
2025-07-06,777222,Baltimore Orioles,Coby Mayo,1B,,3.0,0.0,0.0,0.0,0.0,0.0,1.0,1.0,1.0,0.0,0.0,,,,,,,,,,,,,,,,,,
2025-07-06,777222,Baltimore Orioles,Ryan O'Hearn,DH,,2.0,0.0,0.0,0.0,0.0,0.0,0.0,2.0,1.0,0.0,2.0,,,,,,,,,,,,,,,,,,
2025-07-06,777222,Baltimore Orioles,Charlie Morton,,,,,,,,,,,,,,,,,,,,,,,,,,,,,,,
2025-07-06,777222,Baltimore Orioles,Cedric Mullins,CF,,4.0,0.0,0.0,0.0,0.0,0.0,0.0,0.0,0.0,0.0,1.0,,,,,,,,,,,,,,,,,,
2025-07-06,777222,Baltimore Orioles,Alex Jackson,,,,,,,,,,,,,,,,,,,,,,,,,,,,,,,
2025-07-06,777213,Washington Nationals,Brady House,3B,,4.0,3.0,0.0,0.0,0.0,1.0,1.0,1.0,0.0,0.0,2.0,,,,,,,,,,,,,,,,,,
2025-07-06,777213,Washington Nationals,Shinnosuke Ogasawara,P,,,,,,,,,,,,,,,,,2.2,7.0,4.0,4.0,0.0,2.0,1.0,55.0,35.0,0.0,1.0,0.0,0.0,0.0
2025-07-06,777213,Washington Nationals,Jose A. Ferrer,P,,,,,,,,,,,,,,,,,1.0,0.0,0.0,0.0,0.0,1.0,0.0,9.0,7.0,0.0,0.0,0.0,0.0,0.0
2025-07-06,777213,Washington Nationals,CJ Abrams,PH,,1.0,0.0,0.0,0.0,0.0,0.0,0.0,0.0,0.0,0.0,1.0,,,,,,,,,,,,,,,,,,
2025-07-06,777213,Washington Nationals,Riley Adams,C,,4.0,0.0,0.0,0.0,0.0,0.0,0.0,1.0,3.0,0.0,5.0,,,,,,,,,,,,,,,,,,
2025-07-06,777213,Washington Nationals,Mason Thompson,P,,,,,,,,,,,,,,,,,0.2,1.0,0.0,0.0,1.0,1.0,0.0,11.0,7.0,0.0,0.0,0.0,0.0,0.0
2025-07-06,777213,Washington Nationals,Nathaniel Lowe,1B,,4.0,1.0,0.0,0.0,0.0,0.0,1.0,1.0,2.0,0.0,3.0,,,,,,,,,,,,,,,,,,
2025-07-06,777213,Washington Nationals,Amed Rosario,2B,,4.0,2.0,0.0,0.0,0.0,0.0,1.0,1.0,1.0,0.0,2.0,,,,,,,,,,,,,,,,,,
2025-07-06,777213,Washington Nationals,Andrew Chafin,P,,,,,,,,,,,,,,,,,1.0,2.0,1.0,1.0,0.0,1.0,1.0,18.0,14.0,0.0,0.0,0.0,0.0,0.0
2025-07-06,777213,Washington Nationals,Josh Bell,DH,,5.0,2.0,0.0,0.0,0.0,0.0,0.0,0.0,1.0,0.0,0.0,,,,,,,,,,,,,,,,,,
2025-07-06,777213,Washington Nationals,Kyle Finnegan,P,,,,,,,,,,,,,,,,,0.1,0.0,0.0,0.0,0.0,0.0,0.0,1.0,1.0,0.0,0.0,0.0,0.0,0.0
2025-07-06,777213,Washington Nationals,Cole Henry,P,,,,,,,,,,,,,,,,,1.1,0.0,0.0,0.0,0.0,1.0,0.0,15.0,9.0,0.0,0.0,0.0,0.0,0.0
2025-07-06,777213,Washington Nationals,Brad Lord,P,,,,,,,,,,,,,,,,,2.0,2.0,1.0,1.0,0.0,1.0,0.0,26.0,17.0,0.0,0.0,0.0,0.0,0.0
2025-07-06,777213,Washington Nationals,Paul DeJong,SS,,5.0,1.0,1.0,0.0,0.0,1.0,1.0,0.0,1.0,0.0,4.0,,,,,,,,,,,,,,,,,,
2025-07-06,777213,Washington Nationals,Daylen Lile,"PR, RF",,1.0,1.0,0.0,0.0,0.0,1.0,0.0,0.0,0.0,0.0,0.0,,,,,,,,,,,,,,,,,,
2025-07-06,777213,Washington Nationals,James Wood,LF,,4.0,1.0,0.0,0.0,0.0,0.0,0.0,0.0,1.0,0.0,3.0,,,,,,,,,,,,,,,,,,
2025-07-06,777213,Washington Nationals,Michael Soroka,,,,,,,,,,,,,,,,,,,,,,,,,,,,,,,
2025-07-06,777213,Washington Nationals,MacKenzie Gore,,,,,,,,,,,,,,,,,,,,,,,,,,,,,,,
2025-07-06,777213,Washington Nationals,Jacob Young,CF,,2.0,0.0,0.0,0.0,0.0,0.0,0.0,1.0,0.0,0.0,2.0,,,,,,,,,,,,,,,,,,
2025-07-06,777213,Washington Nationals,Jake Irvin,,,,,,,,,,,,,,,,,,,,,,,,,,,,,,,
2025-07-06,777213,Washington Nationals,Alex Call,"RF, CF",,5.0,1.0,0.0,0.0,0.0,0.0,0.0,0.0,2.0,0.0,3.0,,,,,,,,,,,,,,,,,,
2025-07-06,777213,Washington Nationals,Mitchell Parker,,,,,,,,,,,,,,,,,,,,,,,,,,,,,,,
2025-07-06,777213,Washington Nationals,Keibert Ruiz,,,,,,,,,,,,,,,,,,,,,,,,,,,,,,,
2025-07-06,777213,Washington Nationals,Eduardo Salazar,,,,,,,,,,,,,,,,,,,,,,,,,,,,,,,
2025-07-06,777213,Washington Nationals,Jackson Rutledge,,,,,,,,,,,,,,,,,,,,,,,,,,,,,,,
2025-07-06,777213,Washington Nationals,Luis García Jr.,PH,,0.0,0.0,0.0,0.0,0.0,1.0,0.0,1.0,0.0,0.0,0.0,,,,,,,,,,,,,,,,,,
2025-07-06,777213,Boston Red Sox,Roman Anthony,RF,,5.0,1.0,0.0,0.0,0.0,1.0,1.0,0.0,2.0,0.0,3.0,,,,,,,,,,,,,,,,,,
2025-07-06,777213,Boston Red Sox,Romy Gonzalez,2B,,4.0,2.0,0.0,0.0,0.0,1.0,0.0,0.0,1.0,0.0,1.0,,,,,,,,,,,,,,,,,,
2025-07-06,777213,Boston Red Sox,Walker Buehler,,,,,,,,,,,,,,,,,,,,,,,,,,,,,,,
2025-07-06,777213,Boston Red Sox,Greg Weissert,P,,,,,,,,,,,,,,,,,0.1,0.0,0.0,0.0,2.0,0.0,0.0,20.0,9.0,0.0,0.0,0.0,1.0,0.0
2025-07-06,777213,Boston Red Sox,Connor Wong,C,,3.0,0.0,0.0,0.0,0.0,0.0,0.0,0.0,1.0,0.0,3.0,,,,,,,,,,,,,,,,,,
2025-07-06,777213,Boston Red Sox,Jorge Alcala,,,,,,,,,,,,,,,,,,,,,,,,,,,,,,,
2025-07-06,777213,Boston Red Sox,Rob Refsnyder,DH,,5.0,1.0,1.0,0.0,0.0,1.0,1.0,0.0,0.0,0.0,1.0,,,,,,,,,,,,,,,,,,
2025-07-06,777213,Boston Red Sox,Trevor Story,SS,,4.0,1.0,0.0,0.0,1.0,2.0,1.0,0.0,1.0,0.0,0.0,,,,,,,,,,,,,,,,,,
2025-07-06,777213,Boston Red Sox,Brayan Bello,,,,,,,,,,,,,,,,,,,,,,,,,,,,,,,
2025-07-06,777213,Boston Red Sox,Wilyer Abreu,PH,,0.0,0.0,0.0,0.0,0.0,0.0,0.0,0.0,0.0,0.0,0.0,,,,,,,,,,,,,,,,,,
2025-07-06,777213,Boston Red Sox,Garrett Whitlock,P,,,,,,,,,,,,,,,,,1.0,0.0,0.0,0.0,0.0,1.0,0.0,17.0,10.0,0.0,0.0,0.0,1.0,0.0
2025-07-06,777213,Boston Red Sox,Brennan Bernardino,,,,,,,,,,,,,,,,,,,,,,,,,,,,,,,
2025-07-06,777213,Boston Red Sox,Garrett Crochet,P,,,,,,,,,,,,,,,,,5.0,9.0,2.0,2.0,2.0,7.0,0.0,98.0,63.0,1.0,0.0,0.0,0.0,0.0
2025-07-06,777213,Boston Red Sox,Chris Murphy,,,,,,,,,,,,,,,,,,,,,,,,,,,,,,,
2025-07-06,777213,Boston Red Sox,Justin Wilson,P,,,,,,,,,,,,,,,,,0.2,1.0,1.0,1.0,1.0,0.0,0.0,20.0,12.0,0.0,0.0,0.0,1.0,0.0
2025-07-06,777213,Boston Red Sox,David Hamilton,,,,,,,,,,,,,,,,,,,,,,,,,,,,,,,
2025-07-06,777213,Boston Red Sox,Abraham Toro,1B,,3.0,2.0,0.0,0.0,0.0,0.0,0.0,1.0,0.0,0.0,0.0,,,,,,,,,,,,,,,,,,
2025-07-06,777213,Boston Red Sox,Carlos Narváez,"PH, C",,1.0,0.0,0.0,0.0,0.0,0.0,0.0,0.0,1.0,0.0,2.0,,,,,,,,,,,,,,,,,,
2025-07-06,777213,Boston Red Sox,Nate Eaton,3B,,2.0,1.0,0.0,0.0,0.0,0.0,1.0,0.0,1.0,1.0,0.0,,,,,,,,,,,,,,,,,,
2025-07-06,777213,Boston Red Sox,Jarren Duran,LF,,4.0,1.0,1.0,0.0,0.0,0.0,0.0,0.0,0.0,0.0,0.0,,,,,,,,,,,,,,,,,,
2025-07-06,777213,Boston Red Sox,Richard Fitts,,,,,,,,,,,,,,,,,,,,,,,,,,,,,,,
2025-07-06,777213,Boston Red Sox,Ceddanne Rafaela,CF,,4.0,3.0,1.0,0.0,1.0,1.0,2.0,0.0,0.0,0.0,0.0,,,,,,,,,,,,,,,,,,
2025-07-06,777213,Boston Red Sox,Jordan Hicks,P,,,,,,,,,,,,,,,,,1.0,1.0,1.0,1.0,1.0,1.0,0.0,23.0,12.0,0.0,0.0,1.0,0.0,0.0
2025-07-06,777213,Boston Red Sox,Lucas Giolito,,,,,,,,,,,,,,,,,,,,,,,,,,,,,,,
2025-07-06,777213,Boston Red Sox,Marcelo Mayer,"PH, 3B",,2.0,0.0,0.0,0.0,0.0,0.0,0.0,0.0,0.0,0.0,1.0,,,,,,,,,,,,,,,,,,
2025-07-06,777213,Boston Red Sox,Aroldis Chapman,P,,,,,,,,,,,,,,,,,1.0,1.0,0.0,0.0,0.0,2.0,0.0,13.0,10.0,0.0,0.0,0.0,1.0,0.0
2025-07-06,777217,Philadelphia Phillies,Brandon Marsh,CF,,3.0,0.0,0.0,0.0,0.0,0.0,1.0,1.0,3.0,0.0,5.0,,,,,,,,,,,,,,,,,,
2025-07-06,777217,Philadelphia Phillies,Jesús Luzardo,,,,,,,,,,,,,,,,,,,,,,,,,,,,,,,
2025-07-06,777217,Philadelphia Phillies,Cristopher Sánchez,,,,,,,,,,,,,,,,,,,,,,,,,,,,,,,
2025-07-06,777217,Philadelphia Phillies,Bryce Harper,1B,,3.0,0.0,0.0,0.0,0.0,0.0,0.0,1.0,2.0,0.0,3.0,,,,,,,,,,,,,,,,,,
2025-07-06,777217,Philadelphia Phillies,J.T. Realmuto,C,,4.0,1.0,0.0,0.0,0.0,0.0,1.0,0.0,2.0,0.0,4.0,,,,,,,,,,,,,,,,,,
2025-07-06,777217,Philadelphia Phillies,Zack Wheeler,P,,,,,,,,,,,,,,,,,9.0,1.0,1.0,1.0,0.0,12.0,1.0,108.0,74.0,1.0,0.0,0.0,0.0,0.0
2025-07-06,777217,Philadelphia Phillies,Edmundo Sosa,,,,,,,,,,,,,,,,,,,,,,,,,,,,,,,
2025-07-06,777217,Philadelphia Phillies,Seth Johnson,,,,,,,,,,,,,,,,,,,,,,,,,,,,,,,
2025-07-06,777217,Philadelphia Phillies,Orion Kerkering,,,,,,,,,,,,,,,,,,,,,,,,,,,,,,,
2025-07-06,777217,Philadelphia Phillies,Daniel Robert,,,,,,,,,,,,,,,,,,,,,,,,,,,,,,,
2025-07-06,777217,Philadelphia Phillies,Nick Castellanos,RF,,4.0,1.0,0.0,0.0,0.0,0.0,0.0,0.0,3.0,0.0,4.0,,,,,,,,,,,,,,,,,,
2025-07-06,777217,Philadelphia Phillies,Alec Bohm,3B,,4.0,1.0,0.0,0.0,0.0,0.0,0.0,0.0,1.0,0.0,3.0,,,,,,,,,,,,,,,,,,
2025-07-06,777217,Philadelphia Phillies,Joe Ross,,,,,,,,,,,,,,,,,,,,,,,,,,,,,,,
2025-07-06,777217,Philadelphia Phillies,Bryson Stott,2B,,2.0,1.0,0.0,0.0,1.0,2.0,1.0,2.0,0.0,0.0,0.0,,,,,,,,,,,,,,,,,,
2025-07-06,777217,Philadelphia Phillies,Kyle Schwarber,DH,,3.0,1.0,1.0,0.0,0.0,1.0,0.0,1.0,2.0,0.0,0.0,,,,,,,,,,,,,,,,,,
2025-07-06,777217,Philadelphia Phillies,Otto Kemp,,,,,,,,,,,,,,,,,,,,,,,,,,,,,,,
2025-07-06,777217,Philadelphia Phillies,Taijuan Walker,,,,,,,,,,,,,,,,,,,,,,,,,,,,,,,
2025-07-06,777217,Philadelphia Phillies,Rafael Marchán,,,,,,,,,,,,,,,,,,,,,,,,,,,,,,,
2025-07-06,777217,Philadelphia Phillies,Matt Strahm,,,,,,,,,,,,,,,,,,,,,,,,,,,,,,,
2025-07-06,777217,Philadelphia Phillies,Ranger Suárez,,,,,,,,,,,,,,,,,,,,,,,,,,,,,,,
2025-07-06,777217,Philadelphia Phillies,Tanner Banks,,,,,,,,,,,,,,,,,,,,,,,,,,,,,,,
2025-07-06,777217,Philadelphia Phillies,Max Lazar,,,,,,,,,,,,,,,,,,,,,,,,,,,,,,,
2025-07-06,777217,Philadelphia Phillies,Max Kepler,LF,,3.0,1.0,0.0,0.0,0.0,0.0,0.0,1.0,1.0,0.0,2.0,,,,,,,,,,,,,,,,,,
2025-07-06,777217,Philadelphia Phillies,Johan Rojas,,,,,,,,,,,,,,,,,,,,,,,,,,,,,,,
2025-07-06,777217,Philadelphia Phillies,Jordan Romano,,,,,,,,,,,,,,,,,,,,,,,,,,,,,,,
2025-07-06,777217,Philadelphia Phillies,Trea Turner,SS,,5.0,1.0,0.0,0.0,0.0,0.0,0.0,0.0,0.0,0.0,3.0,,,,,,,,,,,,,,,,,,
2025-07-06,777217,Cincinnati Reds,Elly De La Cruz,SS,,3.0,0.0,0.0,0.0,0.0,0.0,0.0,0.0,1.0,0.0,0.0,,,,,,,,,,,,,,,,,,
2025-07-06,777217,Cincinnati Reds,Emilio Pagán,,,,,,,,,,,,,,,,,,,,,,,,,,,,,,,
2025-07-06,777217,Cincinnati Reds,Lyon Richardson,,,,,,,,,,,,,,,,,,,,,,,,,,,,,,,
2025-07-06,777217,Cincinnati Reds,Scott Barlow,P,,,,,,,,,,,,,,,,,1.0,2.0,0.0,0.0,1.0,3.0,0.0,29.0,21.0,0.0,0.0,0.0,0.0,0.0
2025-07-06,777217,Cincinnati Reds,Noelvi Marte,,,,,,,,,,,,,,,,,,,,,,,,,,,,,,,
2025-07-06,777217,Cincinnati Reds,Tony Santillan,P,,,,,,,,,,,,,,,,,1.0,2.0,2.0,2.0,0.0,1.0,1.0,19.0,14.0,0.0,1.0,0.0,0.0,0.0
2025-07-06,777217,Cincinnati Reds,Brady Singer,,,,,,,,,,,,,,,,,,,,,,,,,,,,,,,
2025-07-06,777217,Cincinnati Reds,Matt McLain,2B,,3.0,0.0,0.0,0.0,0.0,0.0,0.0,0.0,1.0,0.0,0.0,,,,,,,,,,,,,,,,,,
2025-07-06,777217,Cincinnati Reds,Nick Martinez,,,,,,,,,,,,,,,,,,,,,,,,,,,,,,,
2025-07-06,777217,Cincinnati Reds,Will Benson,RF,,3.0,0.0,0.0,0.0,0.0,0.0,0.0,0.0,3.0,0.0,0.0,,,,,,,,,,,,,,,,,,
2025-07-06,777217,Cincinnati Reds,TJ Friedl,CF,,4.0,0.0,0.0,0.0,0.0,0.0,0.0,0.0,0.0,0.0,0.0,,,,,,,,,,,,,,,,,,
2025-07-06,777217,Cincinnati Reds,Austin Hays,DH,,3.0,1.0,0.0,0.0,1.0,1.0,1.0,0.0,1.0,0.0,0.0,,,,,,,,,,,,,,,,,,
2025-07-06,777217,Cincinnati Reds,Santiago Espinal,3B,,1.0,0.0,0.0,0.0,0.0,0.0,0.0,0.0,0.0,0.0,0.0,,,,,,,,,,,,,,,,,,
2025-07-06,777217,Cincinnati Reds,Spencer Steer,1B,,3.0,0.0,0.0,0.0,0.0,0.0,0.0,0.0,0.0,0.0,0.0,,,,,,,,,,,,,,,,,,
2025-07-06,777217,Cincinnati Reds,Jose Trevino,,,,,,,,,,,,,,,,,,,,,,,,,,,,,,,
2025-07-06,777217,Cincinnati Reds,Tyler Stephenson,C,,3.0,0.0,0.0,0.0,0.0,0.0,0.0,0.0,2.0,0.0,0.0,,,,,,,,,,,,,,,,,,
2025-07-06,777217,Cincinnati Reds,Graham Ashcraft,P,,,,,,,,,,,,,,,,,1.0,0.0,0.0,0.0,1.0,2.0,0.0,22.0,14.0,0.0,0.0,0.0,0.0,0.0
2025-07-06,777217,Cincinnati Reds,Gavin Lux,LF,,3.0,0.0,0.0,0.0,0.0,0.0,0.0,0.0,2.0,0.0,0.0,,,,,,,,,,,,,,,,,,
2025-07-06,777217,Cincinnati Reds,Nick Lodolo,,,,,,,,,,,,,,,,,,,,,,,,,,,,,,,
2025-07-06,777217,Cincinnati Reds,Christian Encarnacion-Strand,3B,,2.0,0.0,0.0,0.0,0.0,0.0,0.0,0.0,2.0,0.0,0.0,,,,,,,,,,,,,,,,,,
2025-07-06,777217,Cincinnati Reds,Taylor Rogers,,,,,,,,,,,,,,,,,,,,,,,,,,,,,,,
2025-07-06,777217,Cincinnati Reds,Sam Moll,P,,,,,,,,,,,,,,,,,0.1,1.0,0.0,0.0,0.0,1.0,0.0,9.0,6.0,0.0,0.0,0.0,0.0,0.0
2025-07-06,777217,Cincinnati Reds,Andrew Abbott,,,,,,,,,,,,,,,,,,,,,,,,,,,,,,,
2025-07-06,777217,Cincinnati Reds,Brent Suter,,,,,,,,,,,,,,,,,,,,,,,,,,,,,,,
2025-07-06,777217,Cincinnati Reds,Rece Hinds,,,,,,,,,,,,,,,,,,,,,,,,,,,,,,,
2025-07-06,777217,Cincinnati Reds,Chase Burns,P,,,,,,,,,,,,,,,,,4.2,2.0,1.0,1.0,4.0,7.0,0.0,91.0,52.0,0.0,0.0,0.0,0.0,0.0
2025-07-06,777214,Toronto Blue Jays,Ryan Burr,P,,,,,,,,,,,,,,,,,1.1,1.0,0.0,0.0,1.0,3.0,0.0,24.0,15.0,1.0,0.0,0.0,0.0,0.0
2025-07-06,777214,Toronto Blue Jays,Bo Bichette,SS,,3.0,1.0,0.0,0.0,1.0,1.0,2.0,1.0,1.0,0.0,1.0,,,,,,,,,,,,,,,,,,
2025-07-06,777214,Toronto Blue Jays,Nick Sandlin,,,,,,,,,,,,,,,,,,,,,,,,,,,,,,,
2025-07-06,777214,Toronto Blue Jays,Brendon Little,P,,,,,,,,,,,,,,,,,1.0,1.0,0.0,0.0,1.0,1.0,0.0,16.0,9.0,0.0,0.0,0.0,1.0,0.0
2025-07-06,777214,Toronto Blue Jays,Ernie Clement,"3B, 2B",,4.0,1.0,0.0,0.0,0.0,0.0,0.0,0.0,0.0,0.0,1.0,,,,,,,,,,,,,,,,,,
2025-07-06,777214,Toronto Blue Jays,Chris Bassitt,,,,,,,,,,,,,,,,,,,,,,,,,,,,,,,
2025-07-06,777214,Toronto Blue Jays,Kevin Gausman,P,,,,,,,,,,,,,,,,,5.2,7.0,2.0,2.0,3.0,9.0,1.0,107.0,71.0,0.0,0.0,0.0,0.0,0.0
2025-07-06,777214,Toronto Blue Jays,Eric Lauer,,,,,,,,,,,,,,,,,,,,,,,,,,,,,,,
2025-07-06,777214,Toronto Blue Jays,Jeff Hoffman,P,,,,,,,,,,,,,,,,,1.0,0.0,0.0,0.0,0.0,1.0,0.0,7.0,6.0,0.0,0.0,1.0,0.0,0.0
2025-07-06,777214,Toronto Blue Jays,Robinson Piña,,,,,,,,,,,,,,,,,,,,,,,,,,,,,,,
2025-07-06,777214,Toronto Blue Jays,Will Wagner,,,,,,,,,,,,,,,,,,,,,,,,,,,,,,,
2025-07-06,777214,Toronto Blue Jays,Davis Schneider,LF,,3.0,1.0,0.0,0.0,0.0,1.0,0.0,0.0,1.0,0.0,1.0,,,,,,,,,,,,,,,,,,
2025-07-06,777214,Toronto Blue Jays,José Berríos,,,,,,,,,,,,,,,,,,,,,,,,,,,,,,,
2025-07-06,777214,Toronto Blue Jays,Nathan Lukes,LF,,0.0,0.0,0.0,0.0,0.0,0.0,0.0,0.0,0.0,0.0,0.0,,,,,,,,,,,,,,,,,,
2025-07-06,777214,Toronto Blue Jays,Joey Loperfido,RF,,3.0,1.0,0.0,0.0,0.0,1.0,0.0,0.0,1.0,0.0,2.0,,,,,,,,,,,,,,,,,,
2025-07-06,777214,Toronto Blue Jays,Addison Barger,"PH, 3B",,1.0,0.0,0.0,0.0,0.0,0.0,0.0,0.0,1.0,0.0,0.0,,,,,,,,,,,,,,,,,,
2025-07-06,777214,Toronto Blue Jays,George Springer,DH,,4.0,0.0,0.0,0.0,0.0,0.0,0.0,0.0,0.0,0.0,2.0,,,,,,,,,,,,,,,,,,
2025-07-06,777214,Toronto Blue Jays,Max Scherzer,,,,,,,,,,,,,,,,,,,,,,,,,,,,,,,
2025-07-06,777214,Toronto Blue Jays,Chad Green,,,,,,,,,,,,,,,,,,,,,,,,,,,,,,,
2025-07-06,777214,Toronto Blue Jays,Yariel Rodríguez,,,,,,,,,,,,,,,,,,,,,,,,,,,,,,,
2025-07-06,777214,Toronto Blue Jays,Braydon Fisher,,,,,,,,,,,,,,,,,,,,,,,,,,,,,,,
2025-07-06,777214,Toronto Blue Jays,Tyler Heineman,,,,,,,,,,,,,,,,,,,,,,,,,,,,,,,
2025-07-06,777214,Toronto Blue Jays,Vladimir Guerrero Jr.,1B,,4.0,1.0,1.0,0.0,0.0,0.0,0.0,0.0,1.0,0.0,2.0,,,,,,,,,,,,,,,,,,
2025-07-06,777214,Toronto Blue Jays,Leo Jiménez,2B,,2.0,1.0,0.0,0.0,0.0,0.0,0.0,0.0,0.0,0.0,0.0,,,,,,,,,,,,,,,,,,
2025-07-06,777214,Toronto Blue Jays,Myles Straw,CF,,3.0,1.0,1.0,0.0,0.0,0.0,1.0,0.0,0.0,0.0,3.0,,,,,,,,,,,,,,,,,,
2025-07-06,777214,Toronto Blue Jays,Alejandro Kirk,C,,3.0,1.0,0.0,0.0,0.0,0.0,0.0,1.0,0.0,0.0,0.0,,,,,,,,,,,,,,,,,,
2025-07-06,777214,Los Angeles Angels,Luis Rengifo,2B,,4.0,1.0,0.0,0.0,0.0,0.0,0.0,0.0,1.0,0.0,3.0,,,,,,,,,,,,,,,,,,
2025-07-06,777214,Los Angeles Angels,Gustavo Campero,RF,,4.0,0.0,0.0,0.0,0.0,0.0,0.0,0.0,1.0,0.0,5.0,,,,,,,,,,,,,,,,,,
2025-07-06,777214,Los Angeles Angels,Zach Neto,SS,,4.0,1.0,0.0,0.0,0.0,0.0,0.0,1.0,2.0,0.0,1.0,,,,,,,,,,,,,,,,,,
2025-07-06,777214,Los Angeles Angels,Jorge Soler,PH,,1.0,1.0,0.0,0.0,0.0,0.0,0.0,0.0,0.0,0.0,0.0,,,,,,,,,,,,,,,,,,
2025-07-06,777214,Los Angeles Angels,Connor Brogdon,P,,,,,,,,,,,,,,,,,1.0,0.0,0.0,0.0,0.0,2.0,0.0,15.0,8.0,0.0,0.0,0.0,0.0,0.0
2025-07-06,777214,Los Angeles Angels,Chad Stevens,3B,,3.0,1.0,0.0,0.0,0.0,0.0,1.0,0.0,2.0,0.0,2.0,,,,,,,,,,,,,,,,,,
2025-07-06,777214,Los Angeles Angels,Travis d'Arnaud,,,,,,,,,,,,,,,,,,,,,,,,,,,,,,,
2025-07-06,777214,Los Angeles Angels,José Soriano,,,,,,,,,,,,,,,,,,,,,,,,,,,,,,,
2025-07-06,777214,Los Angeles Angels,Taylor Ward,LF,,4.0,3.0,0.0,0.0,0.0,1.0,0.0,1.0,1.0,1.0,0.0,,,,,,,,,,,,,,,,,,
2025-07-06,777214,Los Angeles Angels,Hunter Strickland,P,,,,,,,,,,,,,,,,,1.0,0.0,0.0,0.0,0.0,1.0,0.0,15.0,11.0,0.0,0.0,0.0,0.0,0.0
2025-07-06,777214,Los Angeles Angels,Jack Kochanowicz,,,,,,,,,,,,,,,,,,,,,,,,,,,,,,,
2025-07-06,777214,Los Angeles Angels,Mike Trout,DH,,4.0,1.0,0.0,0.0,1.0,1.0,1.0,1.0,1.0,0.0,0.0,,,,,,,,,,,,,,,,,,
2025-07-06,777214,Los Angeles Angels,Kenley Jansen,,,,,,,,,,,,,,,,,,,,,,,,,,,,,,,
2025-07-06,777214,Los Angeles Angels,José Fermin,,,,,,,,,,,,,,,,,,,,,,,,,,,,,,,
2025-07-06,777214,Los Angeles Angels,Jo Adell,CF,,3.0,0.0,0.0,0.0,0.0,0.0,0.0,2.0,2.0,0.0,2.0,,,,,,,,,,,,,,,,,,
2025-07-06,777214,Los Angeles Angels,Sam Bachman,,,,,,,,,,,,,,,,,,,,,,,,,,,,,,,
2025-07-06,777214,Los Angeles Angels,Ryan Zeferjahn,,,,,,,,,,,,,,,,,,,,,,,,,,,,,,,
2025-07-06,777214,Los Angeles Angels,Kevin Newman,"PR, 3B",,0.0,0.0,0.0,0.0,0.0,0.0,0.0,0.0,0.0,0.0,0.0,,,,,,,,,,,,,,,,,,
2025-07-06,777214,Los Angeles Angels,Nolan Schanuel,1B,,5.0,0.0,0.0,0.0,0.0,0.0,0.0,0.0,2.0,0.0,5.0,,,,,,,,,,,,,,,,,,
2025-07-06,777214,Los Angeles Angels,Yusei Kikuchi,,,,,,,,,,,,,,,,,,,,,,,,,,,,,,,
2025-07-06,777214,Los Angeles Angels,LaMonte Wade Jr.,,,,,,,,,,,,,,,,,,,,,,,,,,,,,,,
2025-07-06,777214,Los Angeles Angels,Logan O'Hoppe,C,,4.0,1.0,0.0,0.0,0.0,0.0,0.0,0.0,2.0,0.0,6.0,,,,,,,,,,,,,,,,,,
2025-07-06,777214,Los Angeles Angels,Brock Burke,P,,,,,,,,,,,,,,,,,1.0,0.0,0.0,0.0,0.0,0.0,0.0,10.0,7.0,0.0,0.0,0.0,0.0,0.0
2025-07-06,777214,Los Angeles Angels,Reid Detmers,,,,,,,,,,,,,,,,,,,,,,,,,,,,,,,
2025-07-06,777214,Los Angeles Angels,Kyle Hendricks,,,,,,,,,,,,,,,,,,,,,,,,,,,,,,,
2025-07-06,777214,Los Angeles Angels,Tyler Anderson,P,,,,,,,,,,,,,,,,,5.0,8.0,3.0,3.0,2.0,2.0,1.0,91.0,55.0,0.0,1.0,0.0,0.0,0.0
2025-07-06,777226,Cleveland Guardians,Will Wilson,2B,,3.0,0.0,0.0,0.0,0.0,0.0,0.0,0.0,2.0,0.0,0.0,,,,,,,,,,,,,,,,,,
2025-07-06,777226,Cleveland Guardians,Austin Hedges,C,,3.0,1.0,0.0,0.0,0.0,0.0,0.0,0.0,1.0,0.0,0.0,,,,,,,,,,,,,,,,,,
2025-07-06,777226,Cleveland Guardians,Emmanuel Clase,P,,,,,,,,,,,,,,,,,1.0,0.0,1.0,1.0,0.0,1.0,0.0,16.0,9.0,0.0,0.0,0.0,0.0,1.0
2025-07-06,777226,Cleveland Guardians,Daniel Schneemann,"PR, 2B",,1.0,0.0,0.0,0.0,0.0,0.0,2.0,0.0,0.0,0.0,1.0,,,,,,,,,,,,,,,,,,
2025-07-06,777226,Cleveland Guardians,Johnathan Rodríguez,RF,,3.0,0.0,0.0,0.0,0.0,0.0,0.0,0.0,1.0,0.0,1.0,,,,,,,,,,,,,,,,,,
2025-07-06,777226,Cleveland Guardians,Slade Cecconi,,,,,,,,,,,,,,,,,,,,,,,,,,,,,,,
2025-07-06,777226,Cleveland Guardians,Brayan Rocchio,SS,,3.0,0.0,0.0,0.0,0.0,0.0,0.0,1.0,0.0,0.0,1.0,,,,,,,,,,,,,,,,,,
2025-07-06,777226,Cleveland Guardians,Matt Festa,,,,,,,,,,,,,,,,,,,,,,,,,,,,,,,
2025-07-06,777226,Cleveland Guardians,Paul Sewald,,,,,,,,,,,,,,,,,,,,,,,,,,,,,,,
2025-07-06,777226,Cleveland Guardians,Nolan Jones,RF,,1.0,0.0,0.0,0.0,0.0,0.0,0.0,0.0,0.0,0.0,1.0,,,,,,,,,,,,,,,,,,
2025-07-06,777226,Cleveland Guardians,Bo Naylor,C,,1.0,0.0,0.0,0.0,0.0,0.0,0.0,0.0,0.0,0.0,1.0,,,,,,,,,,,,,,,,,,
2025-07-06,777226,Cleveland Guardians,Logan Allen,,,,,,,,,,,,,,,,,,,,,,,,,,,,,,,
2025-07-06,777226,Cleveland Guardians,David Fry,DH,,3.0,0.0,0.0,0.0,0.0,0.0,0.0,0.0,3.0,0.0,2.0,,,,,,,,,,,,,,,,,,
2025-07-06,777226,Cleveland Guardians,Cade Smith,P,,,,,,,,,,,,,,,,,0.1,5.0,6.0,4.0,0.0,0.0,2.0,16.0,11.0,0.0,1.0,0.0,0.0,0.0
2025-07-06,777226,Cleveland Guardians,José Ramírez,3B,,3.0,0.0,0.0,0.0,0.0,0.0,0.0,1.0,1.0,0.0,1.0,,,,,,,,,,,,,,,,,,
2025-07-06,777226,Cleveland Guardians,Steven Kwan,LF,,4.0,3.0,1.0,0.0,0.0,2.0,0.0,0.0,1.0,0.0,0.0,,,,,,,,,,,,,,,,,,
2025-07-06,777226,Cleveland Guardians,Angel Martínez,CF,,4.0,2.0,2.0,0.0,0.0,0.0,0.0,0.0,1.0,0.0,0.0,,,,,,,,,,,,,,,,,,
2025-07-06,777226,Cleveland Guardians,Kyle Manzardo,"PH, DH",,2.0,0.0,0.0,0.0,0.0,0.0,0.0,0.0,1.0,0.0,2.0,,,,,,,,,,,,,,,,,,
2025-07-06,777226,Cleveland Guardians,Jakob Junis,P,,,,,,,,,,,,,,,,,0.2,0.0,0.0,0.0,0.0,0.0,0.0,8.0,5.0,0.0,0.0,0.0,0.0,0.0
2025-07-06,777226,Cleveland Guardians,Joey Cantillo,,,,,,,,,,,,,,,,,,,,,,,,,,,,,,,
2025-07-06,777226,Cleveland Guardians,Erik Sabrowski,P,,,,,,,,,,,,,,,,,0.1,0.0,0.0,0.0,2.0,1.0,0.0,19.0,9.0,0.0,0.0,0.0,0.0,0.0
2025-07-06,777226,Cleveland Guardians,Gavin Williams,P,,,,,,,,,,,,,,,,,6.0,1.0,0.0,0.0,3.0,8.0,0.0,97.0,61.0,0.0,0.0,0.0,0.0,0.0
2025-07-06,777226,Cleveland Guardians,Hunter Gaddis,P,,,,,,,,,,,,,,,,,1.2,0.0,0.0,0.0,0.0,1.0,0.0,16.0,11.0,0.0,0.0,0.0,0.0,0.0
2025-07-06,777226,Cleveland Guardians,Tanner Bibee,,,,,,,,,,,,,,,,,,,,,,,,,,,,,,,
2025-07-06,777226,Cleveland Guardians,Tim Herrin,,,,,,,,,,,,,,,,,,,,,,,,,,,,,,,
2025-07-06,777226,Cleveland Guardians,Carlos Santana,1B,,4.0,0.0,0.0,0.0,0.0,0.0,0.0,0.0,1.0,0.0,4.0,,,,,,,,,,,,,,,,,,
2025-07-06,777226,Detroit Tigers,Chase Lee,P,,,,,,,,,,,,,,,,,1.2,1.0,0.0,0.0,1.0,1.0,0.0,26.0,16.0,1.0,0.0,0.0,0.0,0.0
2025-07-06,777226,Detroit Tigers,Brant Hurter,,,,,,,,,,,,,,,,,,,,,,,,,,,,,,,
2025-07-06,777226,Detroit Tigers,Zach McKinstry,"PR, 1B",,1.0,0.0,0.0,0.0,0.0,0.0,1.0,0.0,0.0,1.0,0.0,,,,,,,,,,,,,,,,,,
2025-07-06,777226,Detroit Tigers,Trey Sweeney,SS,,3.0,1.0,0.0,0.0,1.0,3.0,1.0,1.0,1.0,0.0,0.0,,,,,,,,,,,,,,,,,,
2025-07-06,777226,Detroit Tigers,Tarik Skubal,P,,,,,,,,,,,,,,,,,7.0,3.0,0.0,0.0,0.0,10.0,0.0,93.0,66.0,0.0,0.0,0.0,0.0,0.0
2025-07-06,777226,Detroit Tigers,Casey Mize,,,,,,,,,,,,,,,,,,,,,,,,,,,,,,,
2025-07-06,777226,Detroit Tigers,Reese Olson,,,,,,,,,,,,,,,,,,,,,,,,,,,,,,,
2025-07-06,777226,Detroit Tigers,Jahmai Jones,,,,,,,,,,,,,,,,,,,,,,,,,,,,,,,
2025-07-06,777226,Detroit Tigers,Riley Greene,LF,,5.0,1.0,0.0,0.0,1.0,2.0,1.0,0.0,2.0,0.0,3.0,,,,,,,,,,,,,,,,,,
2025-07-06,777226,Detroit Tigers,Javier Báez,3B,,4.0,2.0,0.0,0.0,0.0,0.0,1.0,0.0,1.0,0.0,0.0,,,,,,,,,,,,,,,,,,
2025-07-06,777226,Detroit Tigers,Tyler Holton,,,,,,,,,,,,,,,,,,,,,,,,,,,,,,,
2025-07-06,777226,Detroit Tigers,Jack Flaherty,,,,,,,,,,,,,,,,,,,,,,,,,,,,,,,
2025-07-06,777226,Detroit Tigers,Spencer Torkelson,1B,,3.0,0.0,0.0,0.0,0.0,0.0,0.0,0.0,2.0,0.0,1.0,,,,,,,,,,,,,,,,,,
2025-07-06,777226,Detroit Tigers,Bailey Horn,P,,,,,,,,,,,,,,,,,0.1,2.0,1.0,1.0,1.0,1.0,0.0,15.0,9.0,0.0,0.0,0.0,0.0,0.0
2025-07-06,777226,Detroit Tigers,Carlos Hernández,P,,,,,,,,,,,,,,,,,1.0,0.0,1.0,0.0,0.0,0.0,0.0,9.0,6.0,0.0,0.0,0.0,0.0,0.0
2025-07-06,777226,Detroit Tigers,Gleyber Torres,"PH, 2B",,1.0,0.0,0.0,0.0,0.0,0.0,1.0,1.0,0.0,0.0,0.0,,,,,,,,,,,,,,,,,,
2025-07-06,777226,Detroit Tigers,Jake Rogers,,,,,,,,,,,,,,,,,,,,,,,,,,,,,,,
2025-07-06,777226,Detroit Tigers,Tommy Kahnle,,,,,,,,,,,,,,,,,,,,,,,,,,,,,,,
2025-07-06,777226,Detroit Tigers,Brenan Hanifee,,,,,,,,,,,,,,,,,,,,,,,,,,,,,,,
2025-07-06,777226,Detroit Tigers,Dietrich Enns,,,,,,,,,,,,,,,,,,,,,,,,,,,,,,,
2025-07-06,777226,Detroit Tigers,Matt Vierling,DH,,4.0,1.0,1.0,0.0,0.0,1.0,1.0,1.0,1.0,0.0,1.0,,,,,,,,,,,,,,,,,,
2025-07-06,777226,Detroit Tigers,Parker Meadows,CF,,4.0,0.0,0.0,0.0,0.0,0.0,1.0,1.0,2.0,0.0,1.0,,,,,,,,,,,,,,,,,,
2025-07-06,777226,Detroit Tigers,Dillon Dingler,C,,5.0,0.0,0.0,0.0,0.0,0.0,0.0,0.0,0.0,0.0,2.0,,,,,,,,,,,,,,,,,,
2025-07-06,777226,Detroit Tigers,Will Vest,,,,,,,,,,,,,,,,,,,,,,,,,,,,,,,
2025-07-06,777226,Detroit Tigers,Colt Keith,2B,,2.0,0.0,0.0,0.0,0.0,0.0,0.0,1.0,1.0,0.0,3.0,,,,,,,,,,,,,,,,,,
2025-07-06,777226,Detroit Tigers,Wenceel Pérez,RF,,5.0,1.0,0.0,0.0,0.0,0.0,0.0,0.0,1.0,0.0,1.0,,,,,,,,,,,,,,,,,,
2025-07-06,777216,New York Mets,Luis Torrens,PH,,1.0,0.0,0.0,0.0,0.0,0.0,0.0,0.0,1.0,0.0,0.0,,,,,,,,,,,,,,,,,,
2025-07-06,777216,New York Mets,Tyrone Taylor,CF,,2.0,0.0,0.0,0.0,0.0,0.0,0.0,0.0,1.0,0.0,0.0,,,,,,,,,,,,,,,,,,
2025-07-06,777216,New York Mets,Rico Garcia,P,,,,,,,,,,,,,,,,,2.0,1.0,0.0,0.0,0.0,2.0,0.0,31.0,21.0,0.0,0.0,0.0,0.0,0.0
2025-07-06,777216,New York Mets,Mark Vientos,3B,,2.0,0.0,0.0,0.0,0.0,0.0,0.0,0.0,0.0,0.0,1.0,,,,,,,,,,,,,,,,,,
2025-07-06,777216,New York Mets,Jeff McNeil,"2B, CF",,4.0,2.0,0.0,0.0,0.0,1.0,1.0,0.0,1.0,0.0,0.0,,,,,,,,,,,,,,,,,,
2025-07-06,777216,New York Mets,Brett Baty,"PH, 3B",,2.0,1.0,0.0,0.0,0.0,0.0,0.0,0.0,0.0,0.0,1.0,,,,,,,,,,,,,,,,,,
2025-07-06,777216,New York Mets,Huascar Brazobán,P,,,,,,,,,,,,,,,,,1.0,2.0,1.0,1.0,1.0,2.0,0.0,26.0,15.0,0.0,0.0,0.0,0.0,0.0
2025-07-06,777216,New York Mets,Richard Lovelady,,,,,,,,,,,,,,,,,,,,,,,,,,,,,,,
2025-07-06,777216,New York Mets,Justin Hagenman,,,,,,,,,,,,,,,,,,,,,,,,,,,,,,,
2025-07-06,777216,New York Mets,Brandon Waddell,P,,,,,,,,,,,,,,,,,2.2,3.0,2.0,2.0,0.0,2.0,1.0,52.0,35.0,0.0,0.0,0.0,0.0,0.0
2025-07-06,777216,New York Mets,Chris Devenski,P,,,,,,,,,,,,,,,,,2.0,1.0,0.0,0.0,0.0,2.0,0.0,26.0,19.0,0.0,0.0,0.0,0.0,0.0
2025-07-06,777216,New York Mets,Zach Pop,P,,,,,,,,,,,,,,,,,1.1,5.0,3.0,3.0,0.0,0.0,1.0,27.0,19.0,0.0,1.0,0.0,0.0,0.0
2025-07-06,777216,New York Mets,Pete Alonso,1B,,3.0,0.0,0.0,0.0,0.0,0.0,0.0,1.0,0.0,0.0,3.0,,,,,,,,,,,,,,,,,,
2025-07-06,777216,New York Mets,David Peterson,,,,,,,,,,,,,,,,,,,,,,,,,,,,,,,
2025-07-06,777216,New York Mets,Starling Marte,LF,,5.0,3.0,0.0,0.0,0.0,0.0,0.0,0.0,0.0,1.0,1.0,,,,,,,,,,,,,,,,,,
2025-07-06,777216,New York Mets,Frankie Montas,,,,,,,,,,,,,,,,,,,,,,,,,,,,,,,
2025-07-06,777216,New York Mets,Ryne Stanek,,,,,,,,,,,,,,,,,,,,,,,,,,,,,,,
2025-07-06,777216,New York Mets,Clay Holmes,,,,,,,,,,,,,,,,,,,,,,,,,,,,,,,
2025-07-06,777216,New York Mets,Francisco Lindor,SS,,4.0,1.0,0.0,0.0,0.0,2.0,0.0,0.0,2.0,0.0,2.0,,,,,,,,,,,,,,,,,,
2025-07-06,777216,New York Mets,Brandon Nimmo,DH,,2.0,0.0,0.0,0.0,0.0,0.0,1.0,1.0,0.0,0.0,1.0,,,,,,,,,,,,,,,,,,
2025-07-06,777216,New York Mets,Edwin Díaz,,,,,,,,,,,,,,,,,,,,,,,,,,,,,,,
2025-07-06,777216,New York Mets,Travis Jankowski,,,,,,,,,,,,,,,,,,,,,,,,,,,,,,,
2025-07-06,777216,New York Mets,Hayden Senger,C,,3.0,1.0,0.0,0.0,0.0,0.0,1.0,0.0,0.0,0.0,2.0,,,,,,,,,,,,,,,,,,
2025-07-06,777216,New York Mets,Juan Soto,RF,,4.0,0.0,0.0,0.0,0.0,0.0,0.0,0.0,2.0,0.0,4.0,,,,,,,,,,,,,,,,,,
2025-07-06,777216,New York Mets,Ronny Mauricio,"PH, 2B",,2.0,2.0,0.0,0.0,0.0,0.0,1.0,0.0,0.0,0.0,0.0,,,,,,,,,,,,,,,,,,
2025-07-06,777216,New York Mets,Reed Garrett,,,,,,,,,,,,,,,,,,,,,,,,,,,,,,,
2025-07-06,777216,New York Yankees,JT Brubaker,,,,,,,,,,,,,,,,,,,,,,,,,,,,,,,
2025-07-06,777216,New York Yankees,DJ LeMahieu,2B,,4.0,1.0,0.0,0.0,0.0,0.0,0.0,0.0,3.0,0.0,0.0,,,,,,,,,,,,,,,,,,
2025-07-06,777216,New York Yankees,Oswald Peraza,3B,,4.0,0.0,0.0,0.0,0.0,0.0,0.0,0.0,1.0,0.0,2.0,,,,,,,,,,,,,,,,,,
2025-07-06,777216,New York Yankees,Carlos Rodón,,,,,,,,,,,,,,,,,,,,,,,,,,,,,,,
2025-07-06,777216,New York Yankees,Geoff Hartlieb,,,,,,,,,,,,,,,,,,,,,,,,,,,,,,,
2025-07-06,777216,New York Yankees,Scott Effross,,,,,,,,,,,,,,,,,,,,,,,,,,,,,,,
2025-07-06,777216,New York Yankees,Luke Weaver,,,,,,,,,,,,,,,,,,,,,,,,,,,,,,,
2025-07-06,777216,New York Yankees,Aaron Judge,RF,,4.0,1.0,0.0,0.0,1.0,3.0,1.0,0.0,1.0,0.0,2.0,,,,,,,,,,,,,,,,,,
2025-07-06,777216,New York Yankees,Jonathan Loáisiga,P,,,,,,,,,,,,,,,,,1.0,3.0,1.0,1.0,0.0,0.0,0.0,12.0,8.0,0.0,0.0,0.0,1.0,0.0
2025-07-06,777216,New York Yankees,Devin Williams,P,,,,,,,,,,,,,,,,,1.0,0.0,0.0,0.0,0.0,2.0,0.0,15.0,10.0,0.0,0.0,1.0,0.0,0.0
2025-07-06,777216,New York Yankees,Tim Hill,P,,,,,,,,,,,,,,,,,1.1,1.0,0.0,0.0,0.0,0.0,0.0,10.0,7.0,0.0,0.0,0.0,1.0,0.0
2025-07-06,777216,New York Yankees,Paul Goldschmidt,1B,,5.0,2.0,1.0,0.0,0.0,0.0,2.0,0.0,0.0,0.0,1.0,,,,,,,,,,,,,,,,,,
2025-07-06,777216,New York Yankees,Austin Wells,C,,4.0,2.0,0.0,0.0,1.0,2.0,1.0,0.0,0.0,0.0,1.0,,,,,,,,,,,,,,,,,,
2025-07-06,777216,New York Yankees,Jasson Domínguez,,,,,,,,,,,,,,,,,,,,,,,,,,,,,,,
2025-07-06,777216,New York Yankees,Ben Rice,,,,,,,,,,,,,,,,,,,,,,,,,,,,,,,
2025-07-06,777216,New York Yankees,Will Warren,,,,,,,,,,,,,,,,,,,,,,,,,,,,,,,
2025-07-06,777216,New York Yankees,Ian Hamilton,,,,,,,,,,,,,,,,,,,,,,,,,,,,,,,
2025-07-06,777216,New York Yankees,Anthony Volpe,SS,,4.0,0.0,0.0,0.0,0.0,1.0,1.0,0.0,2.0,1.0,4.0,,,,,,,,,,,,,,,,,,
2025-07-06,777216,New York Yankees,J.C. Escarra,,,,,,,,,,,,,,,,,,,,,,,,,,,,,,,
2025-07-06,777216,New York Yankees,Giancarlo Stanton,DH,,5.0,1.0,1.0,0.0,0.0,0.0,1.0,0.0,1.0,0.0,2.0,,,,,,,,,,,,,,,,,,
2025-07-06,777216,New York Yankees,Cody Bellinger,LF,,3.0,2.0,1.0,0.0,0.0,0.0,0.0,1.0,0.0,0.0,0.0,,,,,,,,,,,,,,,,,,
2025-07-06,777216,New York Yankees,Mark Leiter Jr.,P,,,,,,,,,,,,,,,,,0.2,0.0,0.0,0.0,1.0,0.0,0.0,16.0,6.0,0.0,0.0,0.0,1.0,0.0
2025-07-06,777216,New York Yankees,Jazz Chisholm Jr.,,,,,,,,,,,,,,,,,,,,,,,,,,,,,,,
2025-07-06,777216,New York Yankees,Max Fried,P,,,,,,,,,,,,,,,,,5.0,6.0,3.0,3.0,1.0,5.0,0.0,98.0,61.0,1.0,0.0,0.0,0.0,0.0
2025-07-06,777216,New York Yankees,Marcus Stroman,,,,,,,,,,,,,,,,,,,,,,,,,,,,,,,
2025-07-06,777216,New York Yankees,Trent Grisham,CF,,5.0,3.0,0.0,0.0,0.0,0.0,0.0,0.0,0.0,0.0,1.0,,,,,,,,,,,,,,,,,,
2025-07-06,777224,Miami Marlins,Lake Bachar,,,,,,,,,,,,,,,,,,,,,,,,,,,,,,,
2025-07-06,777224,Miami Marlins,Dane Myers,CF,,2.0,0.0,0.0,0.0,0.0,0.0,0.0,0.0,2.0,0.0,1.0,,,,,,,,,,,,,,,,,,
2025-07-06,777224,Miami Marlins,Heriberto Hernandez,LF,,3.0,2.0,0.0,0.0,1.0,1.0,1.0,0.0,1.0,0.0,0.0,,,,,,,,,,,,,,,,,,
2025-07-06,777224,Miami Marlins,Sandy Alcantara,,,,,,,,,,,,,,,,,,,,,,,,,,,,,,,
2025-07-06,777224,Miami Marlins,Edward Cabrera,P,,,,,,,,,,,,,,,,,7.0,5.0,2.0,2.0,0.0,5.0,1.0,90.0,60.0,0.0,1.0,0.0,0.0,0.0
2025-07-06,777224,Miami Marlins,Tyler Phillips,,,,,,,,,,,,,,,,,,,,,,,,,,,,,,,
2025-07-06,777224,Miami Marlins,Eric Wagaman,1B,,3.0,0.0,0.0,0.0,0.0,0.0,0.0,0.0,1.0,0.0,0.0,,,,,,,,,,,,,,,,,,
2025-07-06,777224,Miami Marlins,Ronny Henriquez,,,,,,,,,,,,,,,,,,,,,,,,,,,,,,,
2025-07-06,777224,Miami Marlins,Cal Quantrill,,,,,,,,,,,,,,,,,,,,,,,,,,,,,,,
2025-07-06,777224,Miami Marlins,Calvin Faucher,,,,,,,,,,,,,,,,,,,,,,,,,,,,,,,
2025-07-06,777224,Miami Marlins,Javier Sanoja,,,,,,,,,,,,,,,,,,,,,,,,,,,,,,,
2025-07-06,777224,Miami Marlins,Cade Gibson,,,,,,,,,,,,,,,,,,,,,,,,,,,,,,,
2025-07-06,777224,Miami Marlins,Xavier Edwards,2B,,4.0,0.0,0.0,0.0,0.0,0.0,0.0,0.0,2.0,0.0,1.0,,,,,,,,,,,,,,,,,,
2025-07-06,777224,Miami Marlins,Kyle Stowers,DH,,3.0,0.0,0.0,0.0,0.0,0.0,0.0,0.0,0.0,0.0,0.0,,,,,,,,,,,,,,,,,,
2025-07-06,777224,Miami Marlins,Liam Hicks,PH,,1.0,0.0,0.0,0.0,0.0,0.0,0.0,0.0,0.0,0.0,0.0,,,,,,,,,,,,,,,,,,
2025-07-06,777224,Miami Marlins,Nick Fortes,,,,,,,,,,,,,,,,,,,,,,,,,,,,,,,
2025-07-06,777224,Miami Marlins,Josh Simpson,,,,,,,,,,,,,,,,,,,,,,,,,,,,,,,
2025-07-06,777224,Miami Marlins,Anthony Bender,,,,,,,,,,,,,,,,,,,,,,,,,,,,,,,
2025-07-06,777224,Miami Marlins,Jesús Sánchez,RF,,4.0,0.0,0.0,0.0,0.0,0.0,0.0,0.0,2.0,0.0,0.0,,,,,,,,,,,,,,,,,,
2025-07-06,777224,Miami Marlins,Agustín Ramírez,C,,3.0,0.0,0.0,0.0,0.0,0.0,0.0,0.0,2.0,0.0,1.0,,,,,,,,,,,,,,,,,,
2025-07-06,777224,Miami Marlins,Janson Junk,,,,,,,,,,,,,,,,,,,,,,,,,,,,,,,
2025-07-06,777224,Miami Marlins,Connor Norby,3B,,3.0,0.0,0.0,0.0,0.0,0.0,0.0,0.0,1.0,0.0,1.0,,,,,,,,,,,,,,,,,,
2025-07-06,777224,Miami Marlins,Derek Hill,,,,,,,,,,,,,,,,,,,,,,,,,,,,,,,
2025-07-06,777224,Miami Marlins,Eury Pérez,,,,,,,,,,,,,,,,,,,,,,,,,,,,,,,
2025-07-06,777224,Miami Marlins,Otto Lopez,SS,,3.0,1.0,0.0,0.0,0.0,0.0,0.0,0.0,1.0,0.0,0.0,,,,,,,,,,,,,,,,,,
2025-07-06,777224,Miami Marlins,Valente Bellozo,P,,,,,,,,,,,,,,,,,2.0,4.0,1.0,1.0,0.0,0.0,0.0,27.0,19.0,0.0,0.0,0.0,0.0,0.0
2025-07-06,777224,Milwaukee Brewers,Joey Ortiz,,,,,,,,,,,,,,,,,,,,,,,,,,,,,,,
2025-07-06,777224,Milwaukee Brewers,Jackson Chourio,CF,,3.0,1.0,0.0,0.0,1.0,3.0,1.0,0.0,0.0,0.0,1.0,,,,,,,,,,,,,,,,,,
2025-07-06,777224,Milwaukee Brewers,Christian Yelich,LF,,4.0,1.0,0.0,0.0,0.0,0.0,1.0,0.0,0.0,1.0,4.0,,,,,,,,,,,,,,,,,,
2025-07-06,777224,Milwaukee Brewers,Jake Bauers,1B,,4.0,2.0,0.0,0.0,0.0,0.0,0.0,0.0,0.0,0.0,1.0,,,,,,,,,,,,,,,,,,
2025-07-06,777224,Milwaukee Brewers,Isaac Collins,,,,,,,,,,,,,,,,,,,,,,,,,,,,,,,
2025-07-06,777224,Milwaukee Brewers,Sal Frelick,RF,,3.0,2.0,1.0,0.0,0.0,0.0,1.0,0.0,0.0,0.0,0.0,,,,,,,,,,,,,,,,,,
2025-07-06,777224,Milwaukee Brewers,Abner Uribe,P,,,,,,,,,,,,,,,,,1.0,0.0,0.0,0.0,0.0,2.0,0.0,15.0,11.0,0.0,0.0,0.0,1.0,0.0
2025-07-06,777224,Milwaukee Brewers,Grant Anderson,P,,,,,,,,,,,,,,,,,1.0,1.0,0.0,0.0,0.0,0.0,0.0,14.0,8.0,0.0,0.0,0.0,1.0,0.0
2025-07-06,777224,Milwaukee Brewers,Anthony Seigler,,,,,,,,,,,,,,,,,,,,,,,,,,,,,,,
2025-07-06,777224,Milwaukee Brewers,Quinn Priester,,,,,,,,,,,,,,,,,,,,,,,,,,,,,,,
2025-07-06,777224,Milwaukee Brewers,Jose Quintana,,,,,,,,,,,,,,,,,,,,,,,,,,,,,,,
2025-07-06,777224,Milwaukee Brewers,Andruw Monasterio,SS,,4.0,1.0,0.0,0.0,0.0,0.0,0.0,0.0,1.0,1.0,1.0,,,,,,,,,,,,,,,,,,
2025-07-06,777224,Milwaukee Brewers,Aaron Ashby,,,,,,,,,,,,,,,,,,,,,,,,,,,,,,,
2025-07-06,777224,Milwaukee Brewers,Caleb Durbin,3B,,3.0,0.0,0.0,0.0,0.0,0.0,0.0,0.0,0.0,0.0,2.0,,,,,,,,,,,,,,,,,,
2025-07-06,777224,Milwaukee Brewers,Freddy Peralta,,,,,,,,,,,,,,,,,,,,,,,,,,,,,,,
2025-07-06,777224,Milwaukee Brewers,Easton McGee,,,,,,,,,,,,,,,,,,,,,,,,,,,,,,,
2025-07-06,777224,Milwaukee Brewers,Nick Mears,,,,,,,,,,,,,,,,,,,,,,,,,,,,,,,
2025-07-06,777224,Milwaukee Brewers,William Contreras,DH,,4.0,1.0,0.0,0.0,0.0,0.0,0.0,0.0,1.0,0.0,2.0,,,,,,,,,,,,,,,,,,
2025-07-06,777224,Milwaukee Brewers,Brice Turang,2B,,4.0,1.0,0.0,0.0,0.0,0.0,0.0,0.0,0.0,0.0,0.0,,,,,,,,,,,,,,,,,,
2025-07-06,777224,Milwaukee Brewers,Eric Haase,C,,4.0,0.0,0.0,0.0,0.0,0.0,0.0,0.0,3.0,0.0,2.0,,,,,,,,,,,,,,,,,,
2025-07-06,777224,Milwaukee Brewers,Brandon Woodruff,P,,,,,,,,,,,,,,,,,6.0,2.0,1.0,1.0,0.0,8.0,1.0,70.0,53.0,1.0,0.0,0.0,0.0,0.0
2025-07-06,777224,Milwaukee Brewers,Jacob Misiorowski,,,,,,,,,,,,,,,,,,,,,,,,,,,,,,,
2025-07-06,777224,Milwaukee Brewers,DL Hall,,,,,,,,,,,,,,,,,,,,,,,,,,,,,,,
2025-07-06,777224,Milwaukee Brewers,Jared Koenig,,,,,,,,,,,,,,,,,,,,,,,,,,,,,,,
2025-07-06,777224,Milwaukee Brewers,Rhys Hoskins,,,,,,,,,,,,,,,,,,,,,,,,,,,,,,,
2025-07-06,777224,Milwaukee Brewers,Trevor Megill,P,,,,,,,,,,,,,,,,,1.0,0.0,0.0,0.0,0.0,2.0,0.0,12.0,8.0,0.0,0.0,1.0,0.0,0.0
2025-07-06,777220,Minnesota Twins,Justin Topa,P,,,,,,,,,,,,,,,,,1.0,2.0,3.0,1.0,0.0,0.0,0.0,15.0,10.0,0.0,1.0,0.0,0.0,0.0
2025-07-06,777220,Minnesota Twins,Jhoan Duran,,,,,,,,,,,,,,,,,,,,,,,,,,,,,,,
2025-07-06,777220,Minnesota Twins,Kody Clemens,1B,,4.0,0.0,0.0,0.0,0.0,0.0,0.0,0.0,2.0,0.0,0.0,,,,,,,,,,,,,,,,,,
2025-07-06,777220,Minnesota Twins,Brooks Lee,2B,,5.0,0.0,0.0,0.0,0.0,0.0,0.0,0.0,0.0,0.0,3.0,,,,,,,,,,,,,,,,,,
2025-07-06,777220,Minnesota Twins,Louis Varland,P,,,,,,,,,,,,,,,,,1.0,0.0,0.0,0.0,0.0,0.0,0.0,9.0,6.0,0.0,0.0,0.0,0.0,0.0
2025-07-06,777220,Minnesota Twins,Simeon Woods Richardson,,,,,,,,,,,,,,,,,,,,,,,,,,,,,,,
2025-07-06,777220,Minnesota Twins,Willi Castro,"LF, RF",,3.0,0.0,0.0,0.0,0.0,0.0,1.0,2.0,1.0,0.0,1.0,,,,,,,,,,,,,,,,,,
2025-07-06,777220,Minnesota Twins,David Festa,,,,,,,,,,,,,,,,,,,,,,,,,,,,,,,
2025-07-06,777220,Minnesota Twins,Ryan Jeffers,C,,0.0,0.0,0.0,0.0,0.0,0.0,0.0,0.0,0.0,0.0,0.0,,,,,,,,,,,,,,,,,,
2025-07-06,777220,Minnesota Twins,Harrison Bader,"PH, LF",,2.0,1.0,0.0,0.0,1.0,3.0,1.0,0.0,0.0,0.0,0.0,,,,,,,,,,,,,,,,,,
2025-07-06,777220,Minnesota Twins,DaShawn Keirsey Jr.,PR,,0.0,0.0,0.0,0.0,0.0,0.0,0.0,0.0,0.0,0.0,0.0,,,,,,,,,,,,,,,,,,
2025-07-06,777220,Minnesota Twins,Ty France,,,,,,,,,,,,,,,,,,,,,,,,,,,,,,,
2025-07-06,777220,Minnesota Twins,Cole Sands,,,,,,,,,,,,,,,,,,,,,,,,,,,,,,,
2025-07-06,777220,Minnesota Twins,Griffin Jax,P,,,,,,,,,,,,,,,,,1.0,3.0,2.0,2.0,0.0,1.0,0.0,13.0,11.0,0.0,0.0,0.0,0.0,0.0
2025-07-06,777220,Minnesota Twins,Carlos Correa,SS,,3.0,0.0,0.0,0.0,0.0,0.0,0.0,2.0,2.0,0.0,4.0,,,,,,,,,,,,,,,,,,
2025-07-06,777220,Minnesota Twins,Brock Stewart,P,,,,,,,,,,,,,,,,,1.0,0.0,0.0,0.0,0.0,0.0,0.0,12.0,8.0,0.0,0.0,0.0,0.0,0.0
2025-07-06,777220,Minnesota Twins,Joey Wentz,,,,,,,,,,,,,,,,,,,,,,,,,,,,,,,
2025-07-06,777220,Minnesota Twins,Travis Adams,,,,,,,,,,,,,,,,,,,,,,,,,,,,,,,
2025-07-06,777220,Minnesota Twins,Royce Lewis,3B,,4.0,0.0,0.0,0.0,0.0,0.0,0.0,0.0,1.0,0.0,1.0,,,,,,,,,,,,,,,,,,
2025-07-06,777220,Minnesota Twins,Chris Paddack,,,,,,,,,,,,,,,,,,,,,,,,,,,,,,,
2025-07-06,777220,Minnesota Twins,Trevor Larnach,RF,,3.0,2.0,1.0,0.0,0.0,0.0,1.0,0.0,1.0,0.0,2.0,,,,,,,,,,,,,,,,,,
2025-07-06,777220,Minnesota Twins,Byron Buxton,CF,,5.0,2.0,0.0,0.0,1.0,1.0,2.0,0.0,2.0,1.0,1.0,,,,,,,,,,,,,,,,,,
2025-07-06,777220,Minnesota Twins,Danny Coulombe,,,,,,,,,,,,,,,,,,,,,,,,,,,,,,,
2025-07-06,777220,Minnesota Twins,Joe Ryan,P,,,,,,,,,,,,,,,,,6.0,6.0,2.0,2.0,1.0,8.0,1.0,97.0,68.0,0.0,0.0,0.0,0.0,0.0
2025-07-06,777220,Minnesota Twins,Matt Wallner,DH,,4.0,1.0,0.0,0.0,0.0,0.0,0.0,0.0,2.0,0.0,2.0,,,,,,,,,,,,,,,,,,
2025-07-06,777220,Minnesota Twins,Christian Vázquez,C,,4.0,1.0,0.0,0.0,0.0,0.0,0.0,0.0,0.0,0.0,0.0,,,,,,,,,,,,,,,,,,
2025-07-06,777220,Tampa Bay Rays,Taylor Walls,SS,,4.0,1.0,0.0,0.0,1.0,1.0,1.0,0.0,0.0,0.0,2.0,,,,,,,,,,,,,,,,,,
2025-07-06,777220,Tampa Bay Rays,José Caballero,2B,,2.0,1.0,1.0,0.0,0.0,0.0,2.0,0.0,1.0,0.0,0.0,,,,,,,,,,,,,,,,,,
2025-07-06,777220,Tampa Bay Rays,Brandon Lowe,2B,,1.0,0.0,0.0,0.0,0.0,0.0,0.0,0.0,1.0,0.0,0.0,,,,,,,,,,,,,,,,,,
2025-07-06,777220,Tampa Bay Rays,Taj Bradley,,,,,,,,,,,,,,,,,,,,,,,,,,,,,,,
2025-07-06,777220,Tampa Bay Rays,Christopher Morel,PR,,0.0,0.0,0.0,0.0,0.0,0.0,1.0,0.0,0.0,0.0,0.0,,,,,,,,,,,,,,,,,,
2025-07-06,777220,Tampa Bay Rays,Pete Fairbanks,P,,,,,,,,,,,,,,,,,1.2,1.0,0.0,0.0,0.0,1.0,0.0,18.0,16.0,1.0,0.0,0.0,0.0,0.0
2025-07-06,777220,Tampa Bay Rays,Ryan Pepiot,,,,,,,,,,,,,,,,,,,,,,,,,,,,,,,
2025-07-06,777220,Tampa Bay Rays,Matt Thaiss,C,,3.0,1.0,0.0,0.0,0.0,0.0,0.0,0.0,1.0,0.0,1.0,,,,,,,,,,,,,,,,,,
2025-07-06,777220,Tampa Bay Rays,Shane Baz,,,,,,,,,,,,,,,,,,,,,,,,,,,,,,,
2025-07-06,777220,Tampa Bay Rays,Chandler Simpson,CF,,4.0,1.0,0.0,0.0,0.0,0.0,0.0,0.0,0.0,0.0,0.0,,,,,,,,,,,,,,,,,,
2025-07-06,777220,Tampa Bay Rays,Mason Montgomery,P,,,,,,,,,,,,,,,,,0.1,1.0,2.0,2.0,2.0,1.0,1.0,23.0,11.0,0.0,0.0,0.0,0.0,1.0
2025-07-06,777220,Tampa Bay Rays,Jake Mangum,LF,,4.0,1.0,0.0,0.0,0.0,0.0,0.0,1.0,0.0,0.0,4.0,,,,,,,,,,,,,,,,,,
2025-07-06,777220,Tampa Bay Rays,Garrett Cleavinger,,,,,,,,,,,,,,,,,,,,,,,,,,,,,,,
2025-07-06,777220,Tampa Bay Rays,Kevin Kelly,,,,,,,,,,,,,,,,,,,,,,,,,,,,,,,
2025-07-06,777220,Tampa Bay Rays,Edwin Uceta,,,,,,,,,,,,,,,,,,,,,,,,,,,,,,,
2025-07-06,777220,Tampa Bay Rays,Jonathan Aranda,1B,,5.0,3.0,0.0,0.0,0.0,2.0,0.0,0.0,0.0,0.0,1.0,,,,,,,,,,,,,,,,,,
2025-07-06,777220,Tampa Bay Rays,Josh Lowe,RF,,5.0,0.0,0.0,0.0,0.0,0.0,0.0,0.0,2.0,0.0,5.0,,,,,,,,,,,,,,,,,,
2025-07-06,777220,Tampa Bay Rays,Zack Littell,,,,,,,,,,,,,,,,,,,,,,,,,,,,,,,
2025-07-06,777220,Tampa Bay Rays,Danny Jansen,C,,1.0,0.0,0.0,0.0,0.0,0.0,1.0,0.0,0.0,0.0,0.0,,,,,,,,,,,,,,,,,,
2025-07-06,777220,Tampa Bay Rays,Yandy Díaz,DH,,5.0,2.0,1.0,0.0,0.0,1.0,2.0,0.0,2.0,0.0,0.0,,,,,,,,,,,,,,,,,,
2025-07-06,777220,Tampa Bay Rays,Ha-Seong Kim,,,,,,,,,,,,,,,,,,,,,,,,,,,,,,,
2025-07-06,777220,Tampa Bay Rays,Junior Caminero,3B,,4.0,1.0,0.0,0.0,0.0,2.0,0.0,0.0,2.0,0.0,2.0,,,,,,,,,,,,,,,,,,
2025-07-06,777220,Tampa Bay Rays,Drew Rasmussen,P,,,,,,,,,,,,,,,,,2.0,3.0,1.0,1.0,0.0,2.0,1.0,32.0,24.0,0.0,0.0,0.0,0.0,0.0
2025-07-06,777220,Tampa Bay Rays,Eric Orze,P,,,,,,,,,,,,,,,,,1.0,0.0,1.0,0.0,1.0,0.0,0.0,13.0,8.0,0.0,0.0,1.0,0.0,0.0
2025-07-06,777220,Tampa Bay Rays,Joe Boyle,P,,,,,,,,,,,,,,,,,5.0,2.0,1.0,0.0,1.0,7.0,0.0,95.0,59.0,0.0,0.0,0.0,0.0,0.0
2025-07-06,777220,Tampa Bay Rays,Paul Gervase,,,,,,,,,,,,,,,,,,,,,,,,,,,,,,,
2025-07-06,777215,Colorado Rockies,Mickey Moniak,"CF, RF",,4.0,3.0,0.0,1.0,1.0,3.0,1.0,0.0,1.0,1.0,2.0,,,,,,,,,,,,,,,,,,
2025-07-06,777215,Colorado Rockies,Victor Vodnik,P,,,,,,,,,,,,,,,,,1.0,0.0,0.0,0.0,1.0,1.0,0.0,12.0,6.0,0.0,0.0,0.0,1.0,0.0
2025-07-06,777215,Colorado Rockies,Thairo Estrada,2B,,3.0,0.0,0.0,0.0,0.0,0.0,1.0,1.0,0.0,0.0,1.0,,,,,,,,,,,,,,,,,,
2025-07-06,777215,Colorado Rockies,Michael Toglia,1B,,3.0,1.0,0.0,0.0,1.0,2.0,1.0,1.0,0.0,0.0,0.0,,,,,,,,,,,,,,,,,,
2025-07-06,777215,Colorado Rockies,Jimmy Herget,,,,,,,,,,,,,,,,,,,,,,,,,,,,,,,
2025-07-06,777215,Colorado Rockies,Chase Dollander,P,,,,,,,,,,,,,,,,,3.2,5.0,3.0,3.0,4.0,2.0,0.0,92.0,50.0,0.0,0.0,0.0,0.0,0.0
2025-07-06,777215,Colorado Rockies,Germán Márquez,,,,,,,,,,,,,,,,,,,,,,,,,,,,,,,
2025-07-06,777215,Colorado Rockies,Ryan McMahon,3B,,3.0,0.0,0.0,0.0,0.0,0.0,1.0,1.0,1.0,0.0,3.0,,,,,,,,,,,,,,,,,,
2025-07-06,777215,Colorado Rockies,Kyle Freeland,,,,,,,,,,,,,,,,,,,,,,,,,,,,,,,
2025-07-06,777215,Colorado Rockies,Austin Gomber,,,,,,,,,,,,,,,,,,,,,,,,,,,,,,,
2025-07-06,777215,Colorado Rockies,Tyler Freeman,,,,,,,,,,,,,,,,,,,,,,,,,,,,,,,
2025-07-06,777215,Colorado Rockies,Juan Mejia,P,,,,,,,,,,,,,,,,,2.0,0.0,0.0,0.0,0.0,2.0,0.0,27.0,19.0,0.0,0.0,0.0,1.0,0.0
2025-07-06,777215,Colorado Rockies,Yanquiel Fernández,RF,,3.0,1.0,0.0,0.0,0.0,1.0,1.0,0.0,0.0,0.0,1.0,,,,,,,,,,,,,,,,,,
2025-07-06,777215,Colorado Rockies,Ryan Ritter,SS,,3.0,1.0,0.0,0.0,0.0,0.0,1.0,1.0,1.0,0.0,1.0,,,,,,,,,,,,,,,,,,
2025-07-06,777215,Colorado Rockies,Hunter Goodman,,,,,,,,,,,,,,,,,,,,,,,,,,,,,,,
2025-07-06,777215,Colorado Rockies,Ryan Rolison,,,,,,,,,,,,,,,,,,,,,,,,,,,,,,,
2025-07-06,777215,Colorado Rockies,Kyle Farmer,DH,,3.0,0.0,0.0,0.0,0.0,0.0,0.0,0.0,1.0,0.0,1.0,,,,,,,,,,,,,,,,,,
2025-07-06,777215,Colorado Rockies,Tyler Kinley,,,,,,,,,,,,,,,,,,,,,,,,,,,,,,,
2025-07-06,777215,Colorado Rockies,Jordan Beck,LF,,4.0,0.0,0.0,0.0,0.0,0.0,0.0,0.0,0.0,0.0,2.0,,,,,,,,,,,,,,,,,,
2025-07-06,777215,Colorado Rockies,Zach Agnos,P,,,,,,,,,,,,,,,,,1.1,2.0,1.0,1.0,1.0,1.0,0.0,22.0,12.0,1.0,0.0,0.0,0.0,0.0
2025-07-06,777215,Colorado Rockies,Brenton Doyle,CF,,1.0,1.0,0.0,0.0,0.0,0.0,0.0,0.0,0.0,1.0,0.0,,,,,,,,,,,,,,,,,,
2025-07-06,777215,Colorado Rockies,Jake Bird,,,,,,,,,,,,,,,,,,,,,,,,,,,,,,,
2025-07-06,777215,Colorado Rockies,Orlando Arcia,,,,,,,,,,,,,,,,,,,,,,,,,,,,,,,
2025-07-06,777215,Colorado Rockies,Austin Nola,C,,4.0,1.0,0.0,0.0,0.0,0.0,0.0,0.0,0.0,0.0,1.0,,,,,,,,,,,,,,,,,,
2025-07-06,777215,Colorado Rockies,Seth Halvorsen,P,,,,,,,,,,,,,,,,,1.0,0.0,0.0,0.0,1.0,0.0,0.0,12.0,6.0,0.0,0.0,1.0,0.0,0.0
2025-07-06,777215,Colorado Rockies,Antonio Senzatela,,,,,,,,,,,,,,,,,,,,,,,,,,,,,,,
2025-07-06,777215,Chicago White Sox,Lenyn Sosa,DH,,4.0,1.0,0.0,0.0,0.0,0.0,0.0,0.0,0.0,0.0,2.0,,,,,,,,,,,,,,,,,,
2025-07-06,777215,Chicago White Sox,Steven Wilson,,,,,,,,,,,,,,,,,,,,,,,,,,,,,,,
2025-07-06,777215,Chicago White Sox,Tyler Alexander,,,,,,,,,,,,,,,,,,,,,,,,,,,,,,,
2025-07-06,777215,Chicago White Sox,Brandon Eisert,,,,,,,,,,,,,,,,,,,,,,,,,,,,,,,
2025-07-06,777215,Chicago White Sox,Josh Rojas,,,,,,,,,,,,,,,,,,,,,,,,,,,,,,,
2025-07-06,777215,Chicago White Sox,Mike Tauchman,RF,,5.0,2.0,0.0,0.0,0.0,1.0,1.0,0.0,1.0,0.0,0.0,,,,,,,,,,,,,,,,,,
2025-07-06,777215,Chicago White Sox,Shane Smith,P,,,,,,,,,,,,,,,,,4.1,5.0,5.0,5.0,2.0,2.0,1.0,71.0,49.0,0.0,1.0,0.0,0.0,0.0
2025-07-06,777215,Chicago White Sox,Dan Altavilla,P,,,,,,,,,,,,,,,,,0.2,1.0,1.0,1.0,0.0,0.0,1.0,6.0,5.0,0.0,0.0,0.0,0.0,0.0
2025-07-06,777215,Chicago White Sox,Brooks Baldwin,CF,,3.0,1.0,0.0,0.0,0.0,0.0,1.0,1.0,1.0,1.0,2.0,,,,,,,,,,,,,,,,,,
2025-07-06,777215,Chicago White Sox,Chase Meidroth,2B,,4.0,1.0,1.0,0.0,0.0,1.0,0.0,1.0,0.0,0.0,2.0,,,,,,,,,,,,,,,,,,
2025-07-06,777215,Chicago White Sox,Kyle Teel,PH,,1.0,0.0,0.0,0.0,0.0,0.0,0.0,0.0,0.0,0.0,0.0,,,,,,,,,,,,,,,,,,
2025-07-06,777215,Chicago White Sox,Grant Taylor,,,,,,,,,,,,,,,,,,,,,,,,,,,,,,,
2025-07-06,777215,Chicago White Sox,Colson Montgomery,SS,,3.0,2.0,0.0,0.0,0.0,1.0,0.0,1.0,1.0,0.0,0.0,,,,,,,,,,,,,,,,,,
2025-07-06,777215,Chicago White Sox,Ryan Noda,1B,,2.0,0.0,0.0,0.0,0.0,0.0,0.0,1.0,2.0,0.0,1.0,,,,,,,,,,,,,,,,,,
2025-07-06,777215,Chicago White Sox,Aaron Civale,,,,,,,,,,,,,,,,,,,,,,,,,,,,,,,
2025-07-06,777215,Chicago White Sox,Edgar Quero,C,,3.0,0.0,0.0,0.0,0.0,0.0,1.0,1.0,1.0,0.0,3.0,,,,,,,,,,,,,,,,,,
2025-07-06,777215,Chicago White Sox,Jonathan Cannon,,,,,,,,,,,,,,,,,,,,,,,,,,,,,,,
2025-07-06,777215,Chicago White Sox,Andrew Benintendi,LF,,3.0,0.0,0.0,0.0,0.0,1.0,1.0,1.0,0.0,0.0,1.0,,,,,,,,,,,,,,,,,,
2025-07-06,777215,Chicago White Sox,Jordan Leasure,,,,,,,,,,,,,,,,,,,,,,,,,,,,,,,
2025-07-06,777215,Chicago White Sox,Sean Burke,,,,,,,,,,,,,,,,,,,,,,,,,,,,,,,
2025-07-06,777215,Chicago White Sox,Adrian Houser,,,,,,,,,,,,,,,,,,,,,,,,,,,,,,,
2025-07-06,777215,Chicago White Sox,Mike Vasil,P,,,,,,,,,,,,,,,,,3.0,2.0,0.0,0.0,2.0,2.0,0.0,51.0,27.0,0.0,0.0,0.0,0.0,0.0
2025-07-06,777215,Chicago White Sox,Austin Slater,,,,,,,,,,,,,,,,,,,,,,,,,,,,,,,
2025-07-06,777215,Chicago White Sox,Michael A. Taylor,,,,,,,,,,,,,,,,,,,,,,,,,,,,,,,
2025-07-06,777215,Chicago White Sox,Miguel Vargas,3B,,3.0,0.0,0.0,0.0,0.0,0.0,0.0,1.0,0.0,0.0,1.0,,,,,,,,,,,,,,,,,,
2025-07-06,777215,Chicago White Sox,Tyler Gilbert,,,,,,,,,,,,,,,,,,,,,,,,,,,,,,,
2025-07-06,777218,Arizona Diamondbacks,Josh Naylor,1B,,4.0,0.0,0.0,0.0,0.0,0.0,0.0,0.0,0.0,0.0,2.0,,,,,,,,,,,,,,,,,,
2025-07-06,777218,Arizona Diamondbacks,Jose Herrera,C,,3.0,0.0,0.0,0.0,0.0,0.0,0.0,0.0,0.0,0.0,1.0,,,,,,,,,,,,,,,,,,
2025-07-06,777218,Arizona Diamondbacks,Eduardo Rodriguez,,,,,,,,,,,,,,,,,,,,,,,,,,,,,,,
2025-07-06,777218,Arizona Diamondbacks,Brandon Pfaadt,,,,,,,,,,,,,,,,,,,,,,,,,,,,,,,
2025-07-06,777218,Arizona Diamondbacks,Shelby Miller,,,,,,,,,,,,,,,,,,,,,,,,,,,,,,,
2025-07-06,777218,Arizona Diamondbacks,Merrill Kelly,,,,,,,,,,,,,,,,,,,,,,,,,,,,,,,
2025-07-06,777218,Arizona Diamondbacks,Jake McCarthy,LF,,2.0,0.0,0.0,0.0,0.0,0.0,0.0,1.0,0.0,1.0,1.0,,,,,,,,,,,,,,,,,,
2025-07-06,777218,Arizona Diamondbacks,Randal Grichuk,DH,,3.0,1.0,1.0,0.0,0.0,0.0,0.0,0.0,1.0,0.0,1.0,,,,,,,,,,,,,,,,,,
2025-07-06,777218,Arizona Diamondbacks,Jalen Beeks,P,,,,,,,,,,,,,,,,,1.0,1.0,0.0,0.0,0.0,0.0,0.0,10.0,7.0,0.0,0.0,0.0,0.0,0.0
2025-07-06,777218,Arizona Diamondbacks,Kevin Ginkel,,,,,,,,,,,,,,,,,,,,,,,,,,,,,,,
2025-07-06,777218,Arizona Diamondbacks,Bryce Jarvis,P,,,,,,,,,,,,,,,,,4.0,3.0,0.0,0.0,2.0,2.0,0.0,66.0,39.0,0.0,0.0,0.0,0.0,0.0
2025-07-06,777218,Arizona Diamondbacks,Ketel Marte,2B,,4.0,0.0,0.0,0.0,0.0,0.0,0.0,0.0,1.0,0.0,0.0,,,,,,,,,,,,,,,,,,
2025-07-06,777218,Arizona Diamondbacks,Blaze Alexander,,,,,,,,,,,,,,,,,,,,,,,,,,,,,,,
2025-07-06,777218,Arizona Diamondbacks,Ryne Nelson,,,,,,,,,,,,,,,,,,,,,,,,,,,,,,,
2025-07-06,777218,Arizona Diamondbacks,Anthony DeSclafani,P,,,,,,,,,,,,,,,,,4.0,4.0,4.0,4.0,0.0,6.0,2.0,60.0,42.0,0.0,1.0,0.0,0.0,0.0
2025-07-06,777218,Arizona Diamondbacks,Geraldo Perdomo,SS,,3.0,1.0,0.0,0.0,0.0,0.0,0.0,0.0,1.0,0.0,0.0,,,,,,,,,,,,,,,,,,
2025-07-06,777218,Arizona Diamondbacks,John Curtiss,,,,,,,,,,,,,,,,,,,,,,,,,,,,,,,
2025-07-06,777218,Arizona Diamondbacks,Eugenio Suárez,3B,,4.0,0.0,0.0,0.0,0.0,0.0,0.0,0.0,1.0,0.0,2.0,,,,,,,,,,,,,,,,,,
2025-07-06,777218,Arizona Diamondbacks,Jake Woodford,,,,,,,,,,,,,,,,,,,,,,,,,,,,,,,
2025-07-06,777218,Arizona Diamondbacks,Corbin Carroll,RF,,4.0,0.0,0.0,0.0,0.0,0.0,0.0,0.0,4.0,0.0,1.0,,,,,,,,,,,,,,,,,,
2025-07-06,777218,Arizona Diamondbacks,Zac Gallen,,,,,,,,,,,,,,,,,,,,,,,,,,,,,,,
2025-07-06,777218,Arizona Diamondbacks,Lourdes Gurriel Jr.,,,,,,,,,,,,,,,,,,,,,,,,,,,,,,,
2025-07-06,777218,Arizona Diamondbacks,Tristin English,,,,,,,,,,,,,,,,,,,,,,,,,,,,,,,
2025-07-06,777218,Arizona Diamondbacks,James McCann,,,,,,,,,,,,,,,,,,,,,,,,,,,,,,,
2025-07-06,777218,Arizona Diamondbacks,Alek Thomas,CF,,3.0,1.0,0.0,0.0,0.0,0.0,0.0,0.0,1.0,0.0,1.0,,,,,,,,,,,,,,,,,,
2025-07-06,777218,Arizona Diamondbacks,Kyle Backhus,,,,,,,,,,,,,,,,,,,,,,,,,,,,,,,
2025-07-06,777218,Kansas City Royals,Freddy Fermin,C,,4.0,0.0,0.0,0.0,0.0,0.0,0.0,0.0,1.0,0.0,3.0,,,,,,,,,,,,,,,,,,
2025-07-06,777218,Kansas City Royals,Sam Long,,,,,,,,,,,,,,,,,,,,,,,,,,,,,,,
2025-07-06,777218,Kansas City Royals,Jonathan India,2B,,4.0,0.0,0.0,0.0,0.0,0.0,0.0,1.0,2.0,0.0,3.0,,,,,,,,,,,,,,,,,,
2025-07-06,777218,Kansas City Royals,Tyler Tolbert,RF,,0.0,0.0,0.0,0.0,0.0,0.0,0.0,0.0,0.0,0.0,0.0,,,,,,,,,,,,,,,,,,
2025-07-06,777218,Kansas City Royals,Jonathan Bowlan,,,,,,,,,,,,,,,,,,,,,,,,,,,,,,,
2025-07-06,777218,Kansas City Royals,Salvador Perez,DH,,3.0,1.0,0.0,0.0,1.0,1.0,1.0,0.0,1.0,0.0,2.0,,,,,,,,,,,,,,,,,,
2025-07-06,777218,Kansas City Royals,Nick Loftin,"3B, 2B",,4.0,1.0,0.0,0.0,0.0,0.0,1.0,0.0,0.0,0.0,0.0,,,,,,,,,,,,,,,,,,
2025-07-06,777218,Kansas City Royals,John Rave,LF,,3.0,1.0,0.0,0.0,0.0,1.0,0.0,1.0,0.0,1.0,0.0,,,,,,,,,,,,,,,,,,
2025-07-06,777218,Kansas City Royals,Mark Canha,,,,,,,,,,,,,,,,,,,,,,,,,,,,,,,
2025-07-06,777218,Kansas City Royals,Lucas Erceg,P,,,,,,,,,,,,,,,,,1.0,1.0,0.0,0.0,0.0,2.0,0.0,16.0,10.0,0.0,0.0,0.0,0.0,0.0
2025-07-06,777218,Kansas City Royals,Kris Bubic,,,,,,,,,,,,,,,,,,,,,,,,,,,,,,,
2025-07-06,777218,Kansas City Royals,Luke Maile,,,,,,,,,,,,,,,,,,,,,,,,,,,,,,,
2025-07-06,777218,Kansas City Royals,Taylor Clarke,,,,,,,,,,,,,,,,,,,,,,,,,,,,,,,
2025-07-06,777218,Kansas City Royals,Carlos Estévez,P,,,,,,,,,,,,,,,,,1.0,0.0,0.0,0.0,0.0,0.0,0.0,12.0,8.0,0.0,0.0,0.0,0.0,0.0
2025-07-06,777218,Kansas City Royals,Vinnie Pasquantino,1B,,4.0,2.0,2.0,0.0,0.0,0.0,0.0,0.0,0.0,0.0,0.0,,,,,,,,,,,,,,,,,,
2025-07-06,777218,Kansas City Royals,Kyle Isbel,CF,,4.0,2.0,1.0,0.0,0.0,1.0,0.0,0.0,1.0,0.0,1.0,,,,,,,,,,,,,,,,,,
2025-07-06,777218,Kansas City Royals,Michael Lorenzen,P,,,,,,,,,,,,,,,,,7.0,2.0,0.0,0.0,1.0,7.0,0.0,82.0,56.0,1.0,0.0,0.0,0.0,0.0
2025-07-06,777218,Kansas City Royals,Michael Wacha,,,,,,,,,,,,,,,,,,,,,,,,,,,,,,,
2025-07-06,777218,Kansas City Royals,Maikel Garcia,3B,,0.0,0.0,0.0,0.0,0.0,0.0,0.0,0.0,0.0,0.0,0.0,,,,,,,,,,,,,,,,,,
2025-07-06,777218,Kansas City Royals,Seth Lugo,,,,,,,,,,,,,,,,,,,,,,,,,,,,,,,
2025-07-06,777218,Kansas City Royals,Noah Cameron,,,,,,,,,,,,,,,,,,,,,,,,,,,,,,,
2025-07-06,777218,Kansas City Royals,Angel Zerpa,,,,,,,,,,,,,,,,,,,,,,,,,,,,,,,
2025-07-06,777218,Kansas City Royals,Jac Caglianone,RF,,3.0,0.0,0.0,0.0,0.0,0.0,1.0,0.0,2.0,1.0,2.0,,,,,,,,,,,,,,,,,,
2025-07-06,777218,Kansas City Royals,Bobby Witt Jr.,SS,,4.0,1.0,0.0,0.0,1.0,1.0,1.0,0.0,1.0,0.0,3.0,,,,,,,,,,,,,,,,,,
2025-07-06,777218,Kansas City Royals,Steven Cruz,,,,,,,,,,,,,,,,,,,,,,,,,,,,,,,
2025-07-06,777218,Kansas City Royals,John Schreiber,,,,,,,,,,,,,,,,,,,,,,,,,,,,,,,
2025-07-06,777206,Los Angeles Dodgers,Ben Casparius,,,,,,,,,,,,,,,,,,,,,,,,,,,,,,,
2025-07-06,777206,Los Angeles Dodgers,Will Smith,,,,,,,,,,,,,,,,,,,,,,,,,,,,,,,
2025-07-06,777206,Los Angeles Dodgers,Lou Trivino,P,,,,,,,,,,,,,,,,,0.1,0.0,0.0,0.0,0.0,1.0,0.0,4.0,3.0,0.0,0.0,0.0,0.0,0.0
2025-07-06,777206,Los Angeles Dodgers,Michael Conforto,LF,,3.0,1.0,0.0,0.0,0.0,0.0,1.0,1.0,0.0,0.0,0.0,,,,,,,,,,,,,,,,,,
2025-07-06,777206,Los Angeles Dodgers,Dalton Rushing,C,,3.0,2.0,1.0,0.0,0.0,1.0,0.0,0.0,0.0,0.0,0.0,,,,,,,,,,,,,,,,,,
2025-07-06,777206,Los Angeles Dodgers,Alex Vesia,P,,,,,,,,,,,,,,,,,1.1,0.0,0.0,0.0,0.0,2.0,0.0,16.0,13.0,0.0,0.0,0.0,0.0,0.0
2025-07-06,777206,Los Angeles Dodgers,Enrique Hernández,,,,,,,,,,,,,,,,,,,,,,,,,,,,,,,
2025-07-06,777206,Los Angeles Dodgers,Anthony Banda,P,,,,,,,,,,,,,,,,,1.0,1.0,1.0,1.0,0.0,0.0,1.0,9.0,7.0,0.0,0.0,0.0,0.0,0.0
2025-07-06,777206,Los Angeles Dodgers,Freddie Freeman,1B,,4.0,1.0,0.0,0.0,0.0,0.0,0.0,0.0,1.0,0.0,3.0,,,,,,,,,,,,,,,,,,
2025-07-06,777206,Los Angeles Dodgers,Esteury Ruiz,RF,,3.0,0.0,0.0,0.0,0.0,0.0,0.0,0.0,1.0,0.0,2.0,,,,,,,,,,,,,,,,,,
2025-07-06,777206,Los Angeles Dodgers,Hyeseong Kim,2B,,4.0,1.0,0.0,0.0,0.0,0.0,0.0,0.0,2.0,0.0,1.0,,,,,,,,,,,,,,,,,,
2025-07-06,777206,Los Angeles Dodgers,Tanner Scott,P,,,,,,,,,,,,,,,,,0.2,3.0,2.0,2.0,0.0,1.0,2.0,24.0,15.0,0.0,0.0,0.0,0.0,0.0
2025-07-06,777206,Los Angeles Dodgers,Tommy Edman,,,,,,,,,,,,,,,,,,,,,,,,,,,,,,,
2025-07-06,777206,Los Angeles Dodgers,Shohei Ohtani,DH,,4.0,0.0,0.0,0.0,0.0,0.0,0.0,0.0,1.0,0.0,1.0,,,,,,,,,,,,,,,,,,
2025-07-06,777206,Los Angeles Dodgers,Will Klein,P,,,,,,,,,,,,,,,,,0.2,2.0,1.0,1.0,1.0,1.0,0.0,23.0,12.0,0.0,1.0,0.0,0.0,0.0
2025-07-06,777206,Los Angeles Dodgers,Justin Wrobleski,,,,,,,,,,,,,,,,,,,,,,,,,,,,,,,
2025-07-06,777206,Los Angeles Dodgers,Teoscar Hernández,,,,,,,,,,,,,,,,,,,,,,,,,,,,,,,
2025-07-06,777206,Los Angeles Dodgers,Andy Pages,CF,,4.0,0.0,0.0,0.0,0.0,0.0,0.0,0.0,1.0,0.0,2.0,,,,,,,,,,,,,,,,,,
2025-07-06,777206,Los Angeles Dodgers,Clayton Kershaw,,,,,,,,,,,,,,,,,,,,,,,,,,,,,,,
2025-07-06,777206,Los Angeles Dodgers,Mookie Betts,SS,,4.0,2.0,0.0,0.0,0.0,0.0,0.0,0.0,0.0,0.0,0.0,,,,,,,,,,,,,,,,,,
2025-07-06,777206,Los Angeles Dodgers,Emmet Sheehan,P,,,,,,,,,,,,,,,,,5.0,5.0,1.0,1.0,1.0,4.0,0.0,80.0,50.0,0.0,0.0,0.0,0.0,0.0
2025-07-06,777206,Los Angeles Dodgers,Miguel Rojas,3B,,4.0,0.0,0.0,0.0,0.0,0.0,0.0,0.0,1.0,0.0,3.0,,,,,,,,,,,,,,,,,,
2025-07-06,777206,Los Angeles Dodgers,Kirby Yates,,,,,,,,,,,,,,,,,,,,,,,,,,,,,,,
2025-07-06,777206,Los Angeles Dodgers,Jack Dreyer,,,,,,,,,,,,,,,,,,,,,,,,,,,,,,,
2025-07-06,777206,Los Angeles Dodgers,Dustin May,,,,,,,,,,,,,,,,,,,,,,,,,,,,,,,
2025-07-06,777206,Los Angeles Dodgers,Yoshinobu Yamamoto,,,,,,,,,,,,,,,,,,,,,,,,,,,,,,,
2025-07-06,777206,Houston Astros,Framber Valdez,,,,,,,,,,,,,,,,,,,,,,,,,,,,,,,
2025-07-06,777206,Houston Astros,Shay Whitcomb,,,,,,,,,,,,,,,,,,,,,,,,,,,,,,,
2025-07-06,777206,Houston Astros,Isaac Paredes,"DH, 3B",,5.0,1.0,1.0,0.0,0.0,0.0,0.0,0.0,2.0,0.0,5.0,,,,,,,,,,,,,,,,,,
2025-07-06,777206,Houston Astros,Bryan Abreu,P,,0.0,0.0,0.0,0.0,0.0,0.0,0.0,0.0,0.0,0.0,0.0,,,,,1.0,1.0,0.0,0.0,0.0,3.0,0.0,18.0,13.0,0.0,0.0,0.0,0.0,0.0
2025-07-06,777206,Houston Astros,Cooper Hummel,LF,,3.0,0.0,0.0,0.0,0.0,0.0,0.0,0.0,1.0,0.0,0.0,,,,,,,,,,,,,,,,,,
2025-07-06,777206,Houston Astros,Héctor Neris,,,,,,,,,,,,,,,,,,,,,,,,,,,,,,,
2025-07-06,777206,Houston Astros,Cam Smith,RF,,5.0,0.0,0.0,0.0,0.0,0.0,0.0,0.0,2.0,0.0,3.0,,,,,,,,,,,,,,,,,,
2025-07-06,777206,Houston Astros,Victor Caratini,,,,,,,,,,,,,,,,,,,,,,,,,,,,,,,
2025-07-06,777206,Houston Astros,Brandon Walter,,,,,,,,,,,,,,,,,,,,,,,,,,,,,,,
2025-07-06,777206,Houston Astros,Mauricio Dubón,"3B, LF",,4.0,1.0,0.0,0.0,0.0,0.0,0.0,0.0,0.0,0.0,0.0,,,,,,,,,,,,,,,,,,
2025-07-06,777206,Houston Astros,Hunter Brown,,,,,,,,,,,,,,,,,,,,,,,,,,,,,,,
2025-07-06,777206,Houston Astros,Josh Hader,,,,,,,,,,,,,,,,,,,,,,,,,,,,,,,
2025-07-06,777206,Houston Astros,Jake Meyers,CF,,2.0,1.0,0.0,0.0,0.0,0.0,0.0,1.0,1.0,0.0,2.0,,,,,,,,,,,,,,,,,,
2025-07-06,777206,Houston Astros,Steven Okert,,,,,,,,,,,,,,,,,,,,,,,,,,,,,,,
2025-07-06,777206,Houston Astros,Kaleb Ort,,,,,,,,,,,,,,,,,,,,,,,,,,,,,,,
2025-07-06,777206,Houston Astros,César Salazar,,,,,,,,,,,,,,,,,,,,,,,,,,,,,,,
2025-07-06,777206,Houston Astros,Zack Short,SS,,3.0,3.0,1.0,0.0,0.0,1.0,1.0,1.0,0.0,0.0,0.0,,,,,,,,,,,,,,,,,,
2025-07-06,777206,Houston Astros,Bennett Sousa,P,,,,,,,,,,,,,,,,,1.0,0.0,0.0,0.0,0.0,1.0,0.0,12.0,6.0,0.0,0.0,0.0,1.0,0.0
2025-07-06,777206,Houston Astros,Taylor Trammell,CF,,2.0,0.0,0.0,0.0,0.0,0.0,0.0,0.0,1.0,0.0,0.0,,,,,,,,,,,,,,,,,,
2025-07-06,777206,Houston Astros,Jose Altuve,2B,,4.0,2.0,0.0,0.0,1.0,2.0,1.0,0.0,0.0,0.0,2.0,,,,,,,,,,,,,,,,,,
2025-07-06,777206,Houston Astros,Ryan Gusto,P,,,,,,,,,,,,,,,,,6.0,4.0,1.0,1.0,1.0,1.0,0.0,80.0,57.0,1.0,0.0,0.0,0.0,0.0
2025-07-06,777206,Houston Astros,Lance McCullers Jr.,,,,,,,,,,,,,,,,,,,,,,,,,,,,,,,
2025-07-06,777206,Houston Astros,Bryan King,P,,,,,,,,,,,,,,,,,1.0,2.0,0.0,0.0,0.0,2.0,0.0,18.0,16.0,0.0,0.0,0.0,1.0,0.0
2025-07-06,777206,Houston Astros,Christian Walker,1B,,5.0,1.0,0.0,0.0,1.0,1.0,1.0,0.0,1.0,0.0,2.0,,,,,,,,,,,,,,,,,,
2025-07-06,777206,Houston Astros,Colton Gordon,,,,,,,,,,,,,,,,,,,,,,,,,,,,,,,
2025-07-06,777206,Houston Astros,Yainer Diaz,C,,4.0,2.0,1.0,0.0,1.0,1.0,2.0,0.0,1.0,0.0,0.0,,,,,,,,,,,,,,,,,,
2025-07-06,777205,Seattle Mariners,Cole Young,,,,,,,,,,,,,,,,,,,,,,,,,,,,,,,
2025-07-06,777205,Seattle Mariners,Logan Evans,,,,,,,,,,,,,,,,,,,,,,,,,,,,,,,
2025-07-06,777205,Seattle Mariners,Donovan Solano,,,,,,,,,,,,,,,,,,,,,,,,,,,,,,,
2025-07-06,777205,Seattle Mariners,J.P. Crawford,SS,,4.0,1.0,0.0,0.0,0.0,0.0,0.0,0.0,2.0,0.0,2.0,,,,,,,,,,,,,,,,,,
2025-07-06,777205,Seattle Mariners,Randy Arozarena,LF,,3.0,1.0,0.0,0.0,1.0,1.0,1.0,0.0,1.0,0.0,2.0,,,,,,,,,,,,,,,,,,
2025-07-06,777205,Seattle Mariners,Casey Legumina,,,,,,,,,,,,,,,,,,,,,,,,,,,,,,,
2025-07-06,777205,Seattle Mariners,Dominic Canzone,RF,,3.0,3.0,0.0,0.0,0.0,0.0,0.0,0.0,0.0,0.0,0.0,,,,,,,,,,,,,,,,,,
2025-07-06,777205,Seattle Mariners,Cal Raleigh,DH,,3.0,0.0,0.0,0.0,0.0,0.0,0.0,0.0,1.0,0.0,1.0,,,,,,,,,,,,,,,,,,
2025-07-06,777205,Seattle Mariners,Miles Mastrobuoni,3B,,3.0,0.0,0.0,0.0,0.0,0.0,0.0,0.0,1.0,0.0,3.0,,,,,,,,,,,,,,,,,,
2025-07-06,777205,Seattle Mariners,Matt Brash,,,,,,,,,,,,,,,,,,,,,,,,,,,,,,,
2025-07-06,777205,Seattle Mariners,Logan Gilbert,,,,,,,,,,,,,,,,,,,,,,,,,,,,,,,
2025-07-06,777205,Seattle Mariners,Bryan Woo,,,,,,,,,,,,,,,,,,,,,,,,,,,,,,,
2025-07-06,777205,Seattle Mariners,Trent Thornton,,,,,,,,,,,,,,,,,,,,,,,,,,,,,,,
2025-07-06,777205,Seattle Mariners,Luis Castillo,,,,,,,,,,,,,,,,,,,,,,,,,,,,,,,
2025-07-06,777205,Seattle Mariners,George Kirby,P,,,,,,,,,,,,,,,,,6.1,4.0,0.0,0.0,0.0,9.0,0.0,93.0,66.0,1.0,0.0,0.0,0.0,0.0
2025-07-06,777205,Seattle Mariners,Dylan Moore,,,,,,,,,,,,,,,,,,,,,,,,,,,,,,,
2025-07-06,777205,Seattle Mariners,Andrés Muñoz,P,,,,,,,,,,,,,,,,,1.0,0.0,0.0,0.0,0.0,1.0,0.0,14.0,8.0,0.0,0.0,1.0,0.0,0.0
2025-07-06,777205,Seattle Mariners,Mitch Garver,C,,3.0,0.0,0.0,0.0,0.0,0.0,0.0,0.0,2.0,0.0,0.0,,,,,,,,,,,,,,,,,,
2025-07-06,777205,Seattle Mariners,Juan Burgos,,,,,,,,,,,,,,,,,,,,,,,,,,,,,,,
2025-07-06,777205,Seattle Mariners,Gabe Speier,P,,,,,,,,,,,,,,,,,1.0,0.0,0.0,0.0,0.0,3.0,0.0,15.0,10.0,0.0,0.0,0.0,1.0,0.0
2025-07-06,777205,Seattle Mariners,Julio Rodríguez,CF,,4.0,1.0,1.0,0.0,0.0,0.0,0.0,0.0,2.0,0.0,2.0,,,,,,,,,,,,,,,,,,
2025-07-06,777205,Seattle Mariners,Ben Williamson,3B,,0.0,0.0,0.0,0.0,0.0,0.0,0.0,0.0,0.0,0.0,0.0,,,,,,,,,,,,,,,,,,
2025-07-06,777205,Seattle Mariners,Eduard Bazardo,,,,,,,,,,,,,,,,,,,,,,,,,,,,,,,
2025-07-06,777205,Seattle Mariners,Jorge Polanco,2B,,4.0,1.0,0.0,0.0,0.0,0.0,0.0,0.0,1.0,0.0,1.0,,,,,,,,,,,,,,,,,,
2025-07-06,777205,Seattle Mariners,Luke Raley,1B,,3.0,0.0,0.0,0.0,0.0,0.0,0.0,0.0,3.0,0.0,0.0,,,,,,,,,,,,,,,,,,
2025-07-06,777205,Seattle Mariners,Carlos Vargas,P,,,,,,,,,,,,,,,,,0.2,1.0,0.0,0.0,0.0,0.0,0.0,12.0,8.0,0.0,0.0,0.0,1.0,0.0
2025-07-06,777205,Pittsburgh Pirates,Alexander Canario,,,,,,,,,,,,,,,,,,,,,,,,,,,,,,,
2025-07-06,777205,Pittsburgh Pirates,Adam Frazier,,,,,,,,,,,,,,,,,,,,,,,,,,,,,,,
2025-07-06,777205,Pittsburgh Pirates,Paul Skenes,P,,,,,,,,,,,,,,,,,5.0,5.0,0.0,0.0,0.0,10.0,0.0,78.0,52.0,0.0,0.0,0.0,0.0,0.0
2025-07-06,777205,Pittsburgh Pirates,Spencer Horwitz,1B,,3.0,0.0,0.0,0.0,0.0,0.0,0.0,0.0,1.0,0.0,3.0,,,,,,,,,,,,,,,,,,
2025-07-06,777205,Pittsburgh Pirates,Bryan Reynolds,RF,,4.0,0.0,0.0,0.0,0.0,0.0,0.0,0.0,3.0,0.0,2.0,,,,,,,,,,,,,,,,,,
2025-07-06,777205,Pittsburgh Pirates,Joey Bart,,,,,,,,,,,,,,,,,,,,,,,,,,,,,,,
2025-07-06,777205,Pittsburgh Pirates,Oneil Cruz,CF,,4.0,0.0,0.0,0.0,0.0,0.0,0.0,0.0,2.0,0.0,0.0,,,,,,,,,,,,,,,,,,
2025-07-06,777205,Pittsburgh Pirates,Chase Shugart,,,,,,,,,,,,,,,,,,,,,,,,,,,,,,,
2025-07-06,777205,Pittsburgh Pirates,Ke'Bryan Hayes,"PH, 3B",,1.0,0.0,0.0,0.0,0.0,0.0,0.0,0.0,1.0,0.0,1.0,,,,,,,,,,,,,,,,,,
2025-07-06,777205,Pittsburgh Pirates,Caleb Ferguson,,,,,,,,,,,,,,,,,,,,,,,,,,,,,,,
2025-07-06,777205,Pittsburgh Pirates,Jared Triolo,"3B, 1B",,3.0,0.0,0.0,0.0,0.0,0.0,0.0,0.0,1.0,0.0,2.0,,,,,,,,,,,,,,,,,,
2025-07-06,777205,Pittsburgh Pirates,Mitch Keller,,,,,,,,,,,,,,,,,,,,,,,,,,,,,,,
2025-07-06,777205,Pittsburgh Pirates,Tommy Pham,LF,,4.0,2.0,0.0,0.0,0.0,0.0,0.0,0.0,1.0,0.0,0.0,,,,,,,,,,,,,,,,,,
2025-07-06,777205,Pittsburgh Pirates,Isaac Mattson,,,,,,,,,,,,,,,,,,,,,,,,,,,,,,,
2025-07-06,777205,Pittsburgh Pirates,Andrew McCutchen,DH,,4.0,1.0,0.0,0.0,0.0,0.0,0.0,0.0,2.0,0.0,2.0,,,,,,,,,,,,,,,,,,
2025-07-06,777205,Pittsburgh Pirates,Isiah Kiner-Falefa,SS,,3.0,1.0,0.0,0.0,0.0,0.0,0.0,0.0,0.0,0.0,2.0,,,,,,,,,,,,,,,,,,
2025-07-06,777205,Pittsburgh Pirates,Carmen Mlodzinski,P,,,,,,,,,,,,,,,,,2.2,2.0,1.0,1.0,0.0,3.0,1.0,45.0,25.0,0.0,1.0,0.0,0.0,0.0
2025-07-06,777205,Pittsburgh Pirates,Dennis Santana,,,,,,,,,,,,,,,,,,,,,,,,,,,,,,,
2025-07-06,777205,Pittsburgh Pirates,Henry Davis,C,,3.0,1.0,0.0,0.0,0.0,0.0,0.0,0.0,0.0,0.0,1.0,,,,,,,,,,,,,,,,,,
2025-07-06,777205,Pittsburgh Pirates,Mike Burrows,,,,,,,,,,,,,,,,,,,,,,,,,,,,,,,
2025-07-06,777205,Pittsburgh Pirates,Andrew Heaney,,,,,,,,,,,,,,,,,,,,,,,,,,,,,,,
2025-07-06,777205,Pittsburgh Pirates,Bailey Falter,,,,,,,,,,,,,,,,,,,,,,,,,,,,,,,
2025-07-06,777205,Pittsburgh Pirates,David Bednar,,,,,,,,,,,,,,,,,,,,,,,,,,,,,,,
2025-07-06,777205,Pittsburgh Pirates,Génesis Cabrera,P,,,,,,,,,,,,,,,,,0.1,0.0,0.0,0.0,0.0,0.0,0.0,3.0,3.0,0.0,0.0,0.0,0.0,0.0
2025-07-06,777205,Pittsburgh Pirates,Nick Gonzales,2B,,4.0,0.0,0.0,0.0,0.0,0.0,0.0,0.0,2.0,0.0,1.0,,,,,,,,,,,,,,,,,,
2025-07-06,777205,Pittsburgh Pirates,Braxton Ashcraft,,,,,,,,,,,,,,,,,,,,,,,,,,,,,,,
2025-07-06,777219,Chicago Cubs,Daniel Palencia,P,,,,,,,,,,,,,,,,,0.2,0.0,0.0,0.0,0.0,0.0,0.0,5.0,3.0,0.0,0.0,0.0,0.0,0.0
2025-07-06,777219,Chicago Cubs,Cade Horton,,,,,,,,,,,,,,,,,,,,,,,,,,,,,,,
2025-07-06,777219,Chicago Cubs,Jordan Wicks,P,,,,,,,,,,,,,,,,,3.1,3.0,0.0,0.0,0.0,2.0,0.0,41.0,30.0,0.0,0.0,0.0,1.0,0.0
2025-07-06,777219,Chicago Cubs,Porter Hodge,,,,,,,,,,,,,,,,,,,,,,,,,,,,,,,
2025-07-06,777219,Chicago Cubs,Kyle Tucker,RF,,2.0,1.0,0.0,0.0,0.0,3.0,1.0,1.0,0.0,1.0,0.0,,,,,,,,,,,,,,,,,,
2025-07-06,777219,Chicago Cubs,Ian Happ,LF,,4.0,0.0,0.0,0.0,0.0,1.0,0.0,1.0,1.0,0.0,3.0,,,,,,,,,,,,,,,,,,
2025-07-06,777219,Chicago Cubs,Caleb Thielbar,,,,,,,,,,,,,,,,,,,,,,,,,,,,,,,
2025-07-06,777219,Chicago Cubs,Shota Imanaga,,,,,,,,,,,,,,,,,,,,,,,,,,,,,,,
2025-07-06,777219,Chicago Cubs,Michael Busch,1B,,3.0,2.0,1.0,0.0,0.0,0.0,1.0,1.0,1.0,0.0,0.0,,,,,,,,,,,,,,,,,,
2025-07-06,777219,Chicago Cubs,Carson Kelly,,,,,,,,,,,,,,,,,,,,,,,,,,,,,,,
2025-07-06,777219,Chicago Cubs,Pete Crow-Armstrong,CF,,5.0,2.0,0.0,0.0,0.0,1.0,0.0,0.0,0.0,1.0,3.0,,,,,,,,,,,,,,,,,,
2025-07-06,777219,Chicago Cubs,Drew Pomeranz,,,,,,,,,,,,,,,,,,,,,,,,,,,,,,,
2025-07-06,777219,Chicago Cubs,Seiya Suzuki,DH,,5.0,2.0,1.0,0.0,1.0,2.0,1.0,0.0,1.0,0.0,3.0,,,,,,,,,,,,,,,,,,
2025-07-06,777219,Chicago Cubs,Jon Berti,2B,,1.0,0.0,0.0,0.0,0.0,0.0,0.0,0.0,0.0,0.0,1.0,,,,,,,,,,,,,,,,,,
2025-07-06,777219,Chicago Cubs,Reese McGuire,C,,5.0,2.0,0.0,0.0,0.0,2.0,1.0,0.0,0.0,0.0,2.0,,,,,,,,,,,,,,,,,,
2025-07-06,777219,Chicago Cubs,Matthew Boyd,P,,,,,,,,,,,,,,,,,5.0,3.0,0.0,0.0,1.0,9.0,0.0,87.0,60.0,1.0,0.0,0.0,0.0,0.0
2025-07-06,777219,Chicago Cubs,Chris Flexen,,,,,,,,,,,,,,,,,,,,,,,,,,,,,,,
2025-07-06,777219,Chicago Cubs,Dansby Swanson,SS,,4.0,1.0,0.0,0.0,0.0,0.0,2.0,1.0,2.0,0.0,5.0,,,,,,,,,,,,,,,,,,
2025-07-06,777219,Chicago Cubs,Colin Rea,,,,,,,,,,,,,,,,,,,,,,,,,,,,,,,
2025-07-06,777219,Chicago Cubs,Ryan Brasier,,,,,,,,,,,,,,,,,,,,,,,,,,,,,,,
2025-07-06,777219,Chicago Cubs,Ryan Pressly,,,,,,,,,,,,,,,,,,,,,,,,,,,,,,,
2025-07-06,777219,Chicago Cubs,Vidal Bruján,"PH, RF",,1.0,0.0,0.0,0.0,0.0,0.0,0.0,0.0,0.0,0.0,0.0,,,,,,,,,,,,,,,,,,
2025-07-06,777219,Chicago Cubs,Nico Hoerner,2B,,4.0,3.0,1.0,1.0,0.0,1.0,3.0,0.0,0.0,0.0,0.0,,,,,,,,,,,,,,,,,,
2025-07-06,777219,Chicago Cubs,Brad Keller,,,,,,,,,,,,,,,,,,,,,,,,,,,,,,,
2025-07-06,777219,Chicago Cubs,Matt Shaw,3B,,3.0,0.0,0.0,0.0,0.0,0.0,2.0,1.0,1.0,0.0,3.0,,,,,,,,,,,,,,,,,,
2025-07-06,777219,Chicago Cubs,Justin Turner,,,,,,,,,,,,,,,,,,,,,,,,,,,,,,,
2025-07-06,777219,St. Louis Cardinals,Nolan Gorman,3B,,0.0,0.0,0.0,0.0,0.0,0.0,0.0,0.0,0.0,0.0,0.0,,,,,,,,,,,,,,,,,,
2025-07-06,777219,St. Louis Cardinals,Matt Svanson,P,,,,,,,,,,,,,,,,,2.2,4.0,4.0,3.0,0.0,2.0,1.0,51.0,36.0,0.0,0.0,0.0,0.0,0.0
2025-07-06,777219,St. Louis Cardinals,Victor Scott II,CF,,1.0,1.0,0.0,0.0,0.0,0.0,0.0,0.0,0.0,0.0,0.0,,,,,,,,,,,,,,,,,,
2025-07-06,777219,St. Louis Cardinals,Willson Contreras,1B,,3.0,2.0,1.0,0.0,0.0,0.0,0.0,0.0,0.0,0.0,1.0,,,,,,,,,,,,,,,,,,
2025-07-06,777219,St. Louis Cardinals,Steven Matz,,,,,,,,,,,,,,,,,,,,,,,,,,,,,,,
2025-07-06,777219,St. Louis Cardinals,Nolan Arenado,,,,,,,,,,,,,,,,,,,,,,,,,,,,,,,
2025-07-06,777219,St. Louis Cardinals,Kyle Leahy,P,,,,,,,,,,,,,,,,,1.1,1.0,0.0,0.0,0.0,1.0,0.0,17.0,12.0,0.0,0.0,0.0,0.0,0.0
2025-07-06,777219,St. Louis Cardinals,Lars Nootbaar,LF,,4.0,0.0,0.0,0.0,0.0,0.0,0.0,0.0,2.0,0.0,1.0,,,,,,,,,,,,,,,,,,
2025-07-06,777219,St. Louis Cardinals,Miles Mikolas,,,,,,,,,,,,,,,,,,,,,,,,,,,,,,,
2025-07-06,777219,St. Louis Cardinals,José Fermín,2B,,1.0,1.0,0.0,0.0,0.0,0.0,0.0,0.0,0.0,0.0,0.0,,,,,,,,,,,,,,,,,,
2025-07-06,777219,St. Louis Cardinals,JoJo Romero,,,,,,,,,,,,,,,,,,,,,,,,,,,,,,,
2025-07-06,777219,St. Louis Cardinals,Garrett Hampson,"CF, RF",,3.0,0.0,0.0,0.0,0.0,0.0,0.0,0.0,1.0,0.0,1.0,,,,,,,,,,,,,,,,,,
2025-07-06,777219,St. Louis Cardinals,Alec Burleson,"RF, 1B",,4.0,0.0,0.0,0.0,0.0,0.0,0.0,0.0,2.0,0.0,5.0,,,,,,,,,,,,,,,,,,
2025-07-06,777219,St. Louis Cardinals,Sonny Gray,,,,,,,,,,,,,,,,,,,,,,,,,,,,,,,
2025-07-06,777219,St. Louis Cardinals,Thomas Saggese,"3B, SS",,3.0,1.0,1.0,0.0,0.0,0.0,0.0,0.0,2.0,0.0,0.0,,,,,,,,,,,,,,,,,,
2025-07-06,777219,St. Louis Cardinals,John King,P,,,,,,,,,,,,,,,,,0.2,4.0,4.0,2.0,1.0,0.0,0.0,28.0,18.0,0.0,0.0,0.0,0.0,0.0
2025-07-06,777219,St. Louis Cardinals,Yohel Pozo,DH,,4.0,0.0,0.0,0.0,0.0,0.0,0.0,0.0,1.0,0.0,4.0,,,,,,,,,,,,,,,,,,
2025-07-06,777219,St. Louis Cardinals,Riley O'Brien,P,,,,,,,,,,,,,,,,,2.0,2.0,0.0,0.0,0.0,3.0,0.0,39.0,29.0,0.0,0.0,0.0,0.0,0.0
2025-07-06,777219,St. Louis Cardinals,Andre Pallante,,,,,,,,,,,,,,,,,,,,,,,,,,,,,,,
2025-07-06,777219,St. Louis Cardinals,Pedro Pagés,C,,3.0,0.0,0.0,0.0,0.0,0.0,0.0,0.0,2.0,0.0,1.0,,,,,,,,,,,,,,,,,,
2025-07-06,777219,St. Louis Cardinals,Matthew Liberatore,,,,,,,,,,,,,,,,,,,,,,,,,,,,,,,
2025-07-06,777219,St. Louis Cardinals,Brendan Donovan,2B,,3.0,1.0,0.0,0.0,0.0,0.0,0.0,0.0,0.0,0.0,0.0,,,,,,,,,,,,,,,,,,
2025-07-06,777219,St. Louis Cardinals,Ryan Helsley,,,,,,,,,,,,,,,,,,,,,,,,,,,,,,,
2025-07-06,777219,St. Louis Cardinals,Erick Fedde,P,,,,,,,,,,,,,,,,,1.1,2.0,3.0,3.0,4.0,0.0,0.0,53.0,26.0,0.0,1.0,0.0,0.0,0.0
2025-07-06,777219,St. Louis Cardinals,Phil Maton,,,,,,,,,,,,,,,,,,,,,,,,,,,,,,,
2025-07-06,777219,St. Louis Cardinals,Masyn Winn,SS,,3.0,0.0,0.0,0.0,0.0,0.0,0.0,1.0,1.0,0.0,2.0,,,,,,,,,,,,,,,,,,
2025-07-06,777207,San Diego Padres,Yuki Matsui,,,,,,,,,,,,,,,,,,,,,,,,,,,,,,,
2025-07-06,777207,San Diego Padres,Martín Maldonado,C,,4.0,2.0,0.0,0.0,0.0,1.0,0.0,0.0,1.0,0.0,0.0,,,,,,,,,,,,,,,,,,
2025-07-06,777207,San Diego Padres,Robert Suarez,P,,,,,,,,,,,,,,,,,1.0,0.0,0.0,0.0,0.0,2.0,0.0,12.0,8.0,0.0,0.0,1.0,0.0,0.0
2025-07-06,777207,San Diego Padres,David Morgan,P,,,,,,,,,,,,,,,,,1.1,4.0,1.0,1.0,1.0,1.0,0.0,37.0,27.0,0.0,0.0,0.0,0.0,0.0
2025-07-06,777207,San Diego Padres,Wandy Peralta,,,,,,,,,,,,,,,,,,,,,,,,,,,,,,,
2025-07-06,777207,San Diego Padres,Jackson Merrill,CF,,5.0,0.0,0.0,0.0,0.0,0.0,0.0,0.0,2.0,0.0,5.0,,,,,,,,,,,,,,,,,,
2025-07-06,777207,San Diego Padres,Bryan Hoeing,,,,,,,,,,,,,,,,,,,,,,,,,,,,,,,
2025-07-06,777207,San Diego Padres,Jose Iglesias,"PH, DH",,2.0,0.0,0.0,0.0,0.0,0.0,0.0,0.0,0.0,0.0,4.0,,,,,,,,,,,,,,,,,,
2025-07-06,777207,San Diego Padres,Jason Adam,P,,,,,,,,,,,,,,,,,1.0,1.0,0.0,0.0,0.0,1.0,0.0,19.0,12.0,0.0,0.0,0.0,1.0,0.0
2025-07-06,777207,San Diego Padres,Trenton Brooks,DH,,2.0,0.0,0.0,0.0,0.0,0.0,1.0,0.0,0.0,0.0,1.0,,,,,,,,,,,,,,,,,,
2025-07-06,777207,San Diego Padres,Jeremiah Estrada,P,,,,,,,,,,,,,,,,,1.0,0.0,0.0,0.0,0.0,2.0,0.0,9.0,7.0,0.0,0.0,0.0,1.0,0.0
2025-07-06,777207,San Diego Padres,Gavin Sheets,LF,,3.0,1.0,0.0,0.0,0.0,0.0,0.0,1.0,0.0,0.0,1.0,,,,,,,,,,,,,,,,,,
2025-07-06,777207,San Diego Padres,Dylan Cease,,,,,,,,,,,,,,,,,,,,,,,,,,,,,,,
2025-07-06,777207,San Diego Padres,Adrian Morejon,P,,,,,,,,,,,,,,,,,1.0,1.0,0.0,0.0,0.0,1.0,0.0,13.0,9.0,0.0,0.0,0.0,1.0,0.0
2025-07-06,777207,San Diego Padres,Manny Machado,3B,,4.0,0.0,0.0,0.0,0.0,0.0,0.0,0.0,2.0,0.0,2.0,,,,,,,,,,,,,,,,,,
2025-07-06,777207,San Diego Padres,Nick Pivetta,,,,,,,,,,,,,,,,,,,,,,,,,,,,,,,
2025-07-06,777207,San Diego Padres,Tyler Wade,,,,,,,,,,,,,,,,,,,,,,,,,,,,,,,
2025-07-06,777207,San Diego Padres,Fernando Tatis Jr.,RF,,3.0,2.0,1.0,0.0,0.0,1.0,1.0,2.0,1.0,1.0,0.0,,,,,,,,,,,,,,,,,,
2025-07-06,777207,San Diego Padres,Bryce Johnson,"PR, LF",,0.0,0.0,0.0,0.0,0.0,0.0,1.0,0.0,0.0,1.0,0.0,,,,,,,,,,,,,,,,,,
2025-07-06,777207,San Diego Padres,Xander Bogaerts,SS,,3.0,2.0,0.0,0.0,0.0,0.0,1.0,1.0,0.0,0.0,3.0,,,,,,,,,,,,,,,,,,
2025-07-06,777207,San Diego Padres,Elias Díaz,,,,,,,,,,,,,,,,,,,,,,,,,,,,,,,
2025-07-06,777207,San Diego Padres,Kyle Hart,P,,,,,,,,,,,,,,,,,3.2,0.0,0.0,0.0,0.0,2.0,0.0,43.0,32.0,1.0,0.0,0.0,0.0,0.0
2025-07-06,777207,San Diego Padres,Eduarniel Núñez,,,,,,,,,,,,,,,,,,,,,,,,,,,,,,,
2025-07-06,777207,San Diego Padres,Jake Cronenworth,2B,,3.0,1.0,0.0,0.0,0.0,1.0,0.0,1.0,0.0,0.0,1.0,,,,,,,,,,,,,,,,,,
2025-07-06,777207,San Diego Padres,Luis Arraez,1B,,4.0,2.0,0.0,0.0,0.0,1.0,0.0,0.0,1.0,0.0,0.0,,,,,,,,,,,,,,,,,,
2025-07-06,777207,San Diego Padres,Randy Vásquez,,,,,,,,,,,,,,,,,,,,,,,,,,,,,,,
2025-07-06,777207,Texas Rangers,Jonah Heim,C,,4.0,0.0,0.0,0.0,0.0,0.0,0.0,0.0,0.0,0.0,3.0,,,,,,,,,,,,,,,,,,
2025-07-06,777207,Texas Rangers,Evan Carter,CF,,4.0,0.0,0.0,0.0,0.0,0.0,0.0,0.0,3.0,0.0,2.0,,,,,,,,,,,,,,,,,,
2025-07-06,777207,Texas Rangers,Shawn Armstrong,,,,,,,,,,,,,,,,,,,,,,,,,,,,,,,
2025-07-06,777207,Texas Rangers,Wyatt Langford,LF,,3.0,0.0,0.0,0.0,0.0,0.0,0.0,1.0,2.0,0.0,0.0,,,,,,,,,,,,,,,,,,
2025-07-06,777207,Texas Rangers,Hoby Milner,,,,,,,,,,,,,,,,,,,,,,,,,,,,,,,
2025-07-06,777207,Texas Rangers,Kumar Rocker,,,,,,,,,,,,,,,,,,,,,,,,,,,,,,,
2025-07-06,777207,Texas Rangers,Jake Burger,1B,,3.0,2.0,0.0,0.0,0.0,0.0,0.0,0.0,0.0,0.0,0.0,,,,,,,,,,,,,,,,,,
2025-07-06,777207,Texas Rangers,Alejandro Osuna,,,,,,,,,,,,,,,,,,,,,,,,,,,,,,,
2025-07-06,777207,Texas Rangers,Luke Jackson,P,,,,,,,,,,,,,,,,,1.1,0.0,0.0,0.0,0.0,1.0,0.0,18.0,12.0,0.0,0.0,0.0,0.0,0.0
2025-07-06,777207,Texas Rangers,Dane Dunning,,,,,,,,,,,,,,,,,,,,,,,,,,,,,,,
2025-07-06,777207,Texas Rangers,Jack Leiter,P,,,,,,,,,,,,,,,,,3.2,5.0,2.0,2.0,2.0,5.0,0.0,85.0,54.0,0.0,1.0,0.0,0.0,0.0
2025-07-06,777207,Texas Rangers,Jacob Latz,P,,,,,,,,,,,,,,,,,3.0,5.0,2.0,2.0,3.0,1.0,0.0,58.0,33.0,0.0,0.0,0.0,0.0,0.0
2025-07-06,777207,Texas Rangers,Corey Seager,SS,,4.0,1.0,1.0,0.0,0.0,1.0,0.0,0.0,2.0,0.0,1.0,,,,,,,,,,,,,,,,,,
2025-07-06,777207,Texas Rangers,Robert Garcia,,,,,,,,,,,,,,,,,,,,,,,,,,,,,,,
2025-07-06,777207,Texas Rangers,Jacob Webb,,,,,,,,,,,,,,,,,,,,,,,,,,,,,,,
2025-07-06,777207,Texas Rangers,Marcus Semien,2B,,4.0,1.0,0.0,0.0,0.0,0.0,0.0,0.0,1.0,0.0,1.0,,,,,,,,,,,,,,,,,,
2025-07-06,777207,Texas Rangers,Kyle Higashioka,DH,,3.0,0.0,0.0,0.0,0.0,0.0,0.0,0.0,0.0,0.0,2.0,,,,,,,,,,,,,,,,,,
2025-07-06,777207,Texas Rangers,Ezequiel Duran,3B,,0.0,0.0,0.0,0.0,0.0,0.0,0.0,0.0,0.0,0.0,0.0,,,,,,,,,,,,,,,,,,
2025-07-06,777207,Texas Rangers,Michael Helman,,,,,,,,,,,,,,,,,,,,,,,,,,,,,,,
2025-07-06,777207,Texas Rangers,Jacob deGrom,,,,,,,,,,,,,,,,,,,,,,,,,,,,,,,
2025-07-06,777207,Texas Rangers,Josh Smith,3B,,3.0,1.0,0.0,0.0,0.0,0.0,1.0,0.0,0.0,0.0,1.0,,,,,,,,,,,,,,,,,,
2025-07-06,777207,Texas Rangers,Patrick Corbin,,,,,,,,,,,,,,,,,,,,,,,,,,,,,,,
2025-07-06,777207,Texas Rangers,Sam Haggerty,PH,,1.0,0.0,0.0,0.0,0.0,0.0,0.0,0.0,0.0,0.0,0.0,,,,,,,,,,,,,,,,,,
2025-07-06,777207,Texas Rangers,Adolis García,RF,,4.0,1.0,0.0,0.0,0.0,0.0,0.0,0.0,1.0,0.0,1.0,,,,,,,,,,,,,,,,,,
2025-07-06,777207,Texas Rangers,Nathan Eovaldi,,,,,,,,,,,,,,,,,,,,,,,,,,,,,,,
2025-07-06,777207,Texas Rangers,Chris Martin,,,,,,,,,,,,,,,,,,,,,,,,,,,,,,,
2025-07-06,777210,Athletics,Lawrence Butler,RF,,4.0,0.0,0.0,0.0,0.0,1.0,0.0,1.0,1.0,0.0,3.0,,,,,,,,,,,,,,,,,,
2025-07-06,777210,Athletics,Luis Severino,,,,,,,,,,,,,,,,,,,,,,,,,,,,,,,
2025-07-06,777210,Athletics,Brent Rooker,DH,,3.0,0.0,0.0,0.0,0.0,0.0,0.0,1.0,0.0,0.0,3.0,,,,,,,,,,,,,,,,,,
2025-07-06,777210,Athletics,Mason Miller,P,,,,,,,,,,,,,,,,,1.0,0.0,0.0,0.0,0.0,1.0,0.0,16.0,11.0,0.0,0.0,0.0,0.0,0.0
2025-07-06,777210,Athletics,J.T. Ginn,P,,,,,,,,,,,,,,,,,2.1,3.0,1.0,1.0,2.0,2.0,0.0,55.0,32.0,0.0,0.0,0.0,0.0,0.0
2025-07-06,777210,Athletics,Zack Gelof,2B,,3.0,0.0,0.0,0.0,0.0,0.0,0.0,1.0,2.0,0.0,0.0,,,,,,,,,,,,,,,,,,
2025-07-06,777210,Athletics,Justin Sterner,,,,,,,,,,,,,,,,,,,,,,,,,,,,,,,
2025-07-06,777210,Athletics,Austin Wynns,,,,,,,,,,,,,,,,,,,,,,,,,,,,,,,
2025-07-06,777210,Athletics,Mitch Spence,,,,,,,,,,,,,,,,,,,,,,,,,,,,,,,
2025-07-06,777210,Athletics,Max Schuemann,,,,,,,,,,,,,,,,,,,,,,,,,,,,,,,
2025-07-06,777210,Athletics,Michael Kelly,P,,,,,,,,,,,,,,,,,1.0,1.0,1.0,1.0,1.0,1.0,1.0,22.0,15.0,0.0,0.0,0.0,0.0,0.0
2025-07-06,777210,Athletics,Jacob Lopez,P,,,,,,,,,,,,,,,,,4.1,5.0,4.0,4.0,1.0,8.0,1.0,88.0,53.0,0.0,1.0,0.0,0.0,0.0
2025-07-06,777210,Athletics,Gio Urshela,,,,,,,,,,,,,,,,,,,,,,,,,,,,,,,
2025-07-06,777210,Athletics,Max Muncy,3B,,4.0,0.0,0.0,0.0,0.0,0.0,0.0,0.0,1.0,0.0,1.0,,,,,,,,,,,,,,,,,,
2025-07-06,777210,Athletics,Denzel Clarke,CF,,3.0,1.0,1.0,0.0,0.0,0.0,0.0,1.0,1.0,0.0,0.0,,,,,,,,,,,,,,,,,,
2025-07-06,777210,Athletics,Tyler Soderstrom,LF,,4.0,2.0,1.0,0.0,1.0,1.0,2.0,0.0,1.0,0.0,0.0,,,,,,,,,,,,,,,,,,
2025-07-06,777210,Athletics,Elvis Alvarado,,,,,,,,,,,,,,,,,,,,,,,,,,,,,,,
2025-07-06,777210,Athletics,Nick Kurtz,1B,,2.0,0.0,0.0,0.0,0.0,0.0,0.0,2.0,0.0,0.0,2.0,,,,,,,,,,,,,,,,,,
2025-07-06,777210,Athletics,Hogan Harris,,,,,,,,,,,,,,,,,,,,,,,,,,,,,,,
2025-07-06,777210,Athletics,Colby Thomas,,,,,,,,,,,,,,,,,,,,,,,,,,,,,,,
2025-07-06,777210,Athletics,Shea Langeliers,C,,4.0,0.0,0.0,0.0,0.0,0.0,0.0,0.0,2.0,0.0,5.0,,,,,,,,,,,,,,,,,,
2025-07-06,777210,Athletics,Jack Perkins,,,,,,,,,,,,,,,,,,,,,,,,,,,,,,,
2025-07-06,777210,Athletics,Sean Newcomb,P,,,,,,,,,,,,,,,,,0.1,0.0,0.0,0.0,0.0,1.0,0.0,3.0,3.0,0.0,0.0,0.0,0.0,0.0
2025-07-06,777210,Athletics,Jeffrey Springs,,,,,,,,,,,,,,,,,,,,,,,,,,,,,,,
2025-07-06,777210,Athletics,JP Sears,,,,,,,,,,,,,,,,,,,,,,,,,,,,,,,
2025-07-06,777210,Athletics,Jacob Wilson,SS,,4.0,2.0,0.0,0.0,0.0,0.0,0.0,1.0,0.0,0.0,3.0,,,,,,,,,,,,,,,,,,
2025-07-06,777210,San Francisco Giants,Heliot Ramos,LF,,5.0,1.0,0.0,0.0,0.0,0.0,1.0,0.0,1.0,0.0,1.0,,,,,,,,,,,,,,,,,,
2025-07-06,777210,San Francisco Giants,Scott Alexander,,,,,,,,,,,,,,,,,,,,,,,,,,,,,,,
2025-07-06,777210,San Francisco Giants,Andrew Knizner,C,,4.0,1.0,0.0,0.0,0.0,0.0,1.0,0.0,1.0,0.0,0.0,,,,,,,,,,,,,,,,,,
2025-07-06,777210,San Francisco Giants,Tyler Fitzgerald,2B,,4.0,1.0,0.0,0.0,1.0,1.0,1.0,0.0,2.0,0.0,3.0,,,,,,,,,,,,,,,,,,
2025-07-06,777210,San Francisco Giants,Randy Rodríguez,P,,,,,,,,,,,,,,,,,1.0,1.0,0.0,0.0,0.0,1.0,0.0,9.0,7.0,0.0,0.0,0.0,0.0,0.0
2025-07-06,777210,San Francisco Giants,Logan Webb,,,,,,,,,,,,,,,,,,,,,,,,,,,,,,,
2025-07-06,777210,San Francisco Giants,Ryan Walker,,,,,,,,,,,,,,,,,,,,,,,,,,,,,,,
2025-07-06,777210,San Francisco Giants,Matt Chapman,3B,,5.0,0.0,0.0,0.0,0.0,0.0,0.0,0.0,2.0,0.0,8.0,,,,,,,,,,,,,,,,,,
2025-07-06,777210,San Francisco Giants,Patrick Bailey,,,,,,,,,,,,,,,,,,,,,,,,,,,,,,,
2025-07-06,777210,San Francisco Giants,Wilmer Flores,1B,,5.0,2.0,0.0,0.0,0.0,0.0,1.0,0.0,2.0,0.0,2.0,,,,,,,,,,,,,,,,,,
2025-07-06,777210,San Francisco Giants,Hayden Birdsong,P,,,,,,,,,,,,,,,,,5.0,3.0,1.0,1.0,5.0,6.0,1.0,90.0,46.0,1.0,0.0,0.0,0.0,0.0
2025-07-06,777210,San Francisco Giants,Spencer Bivens,P,,,,,,,,,,,,,,,,,1.0,0.0,0.0,0.0,0.0,1.0,0.0,11.0,7.0,0.0,0.0,0.0,0.0,0.0
2025-07-06,777210,San Francisco Giants,Dominic Smith,,,,,,,,,,,,,,,,,,,,,,,,,,,,,,,
2025-07-06,777210,San Francisco Giants,Brett Wisely,,,,,,,,,,,,,,,,,,,,,,,,,,,,,,,
2025-07-06,777210,San Francisco Giants,Jung Hoo Lee,,,,,,,,,,,,,,,,,,,,,,,,,,,,,,,
2025-07-06,777210,San Francisco Giants,Joey Lucchesi,,,,,,,,,,,,,,,,,,,,,,,,,,,,,,,
2025-07-06,777210,San Francisco Giants,Rafael Devers,DH,,3.0,2.0,0.0,0.0,0.0,0.0,1.0,1.0,1.0,0.0,0.0,,,,,,,,,,,,,,,,,,
2025-07-06,777210,San Francisco Giants,Tristan Beck,,,,,,,,,,,,,,,,,,,,,,,,,,,,,,,
2025-07-06,777210,San Francisco Giants,Tyler Rogers,P,,,,,,,,,,,,,,,,,1.0,0.0,0.0,0.0,0.0,0.0,0.0,6.0,4.0,0.0,0.0,0.0,0.0,0.0
2025-07-06,777210,San Francisco Giants,Camilo Doval,P,,,,,,,,,,,,,,,,,1.0,1.0,1.0,1.0,2.0,0.0,0.0,19.0,8.0,0.0,0.0,0.0,0.0,0.0
2025-07-06,777210,San Francisco Giants,Luis Matos,CF,,5.0,1.0,1.0,0.0,0.0,2.0,0.0,0.0,2.0,0.0,3.0,,,,,,,,,,,,,,,,,,
2025-07-06,777210,San Francisco Giants,Willy Adames,SS,,3.0,1.0,0.0,0.0,1.0,3.0,1.0,2.0,0.0,0.0,0.0,,,,,,,,,,,,,,,,,,
2025-07-06,777210,San Francisco Giants,Mike Yastrzemski,RF,,3.0,0.0,0.0,0.0,0.0,0.0,0.0,1.0,2.0,0.0,3.0,,,,,,,,,,,,,,,,,,
2025-07-06,777210,San Francisco Giants,Robbie Ray,,,,,,,,,,,,,,,,,,,,,,,,,,,,,,,
2025-07-06,777210,San Francisco Giants,Landen Roupp,,,,,,,,,,,,,,,,,,,,,,,,,,,,,,,
2025-07-06,777210,San Francisco Giants,Justin Verlander,,,,,,,,,,,,,,,,,,,,,,,,,,,,,,,
